states,cities,population,violent_crime,murder,rape,robbery,agrv_assault,prop_crime,burglary,larceny,vehicle_theft,total_crime,tot_violent_crime,tot_prop_crim,arson
Pennsylvania,"Abington Township, Montgomery County","55,731",197.4,1.8,14.4,70.0,111.2,1979.1,296.1,1650.8,32.3,,,,
Oregon,Albany,"51,084",86.1,0.0,19.6,45.0,21.5,3092.9,438.5,2470.4,184.0,,,,
Louisiana,Alexandria,"48,449",1682.2,18.6,28.9,293.1,1341.6,7492.4,2010.4,5102.3,379.8,,,,
California,Aliso Viejo,"48,999",87.8,0.0,0.0,12.2,75.5,847.0,208.2,612.3,26.5,,,,
Florida,Altamonte Springs,"42,296",335.7,2.4,21.3,82.8,229.3,3057.0,427.9,2463.6,165.5,,,,
Pennsylvania,Altoona,"46,404",351.3,4.3,66.8,69.0,211.2,1946.0,487.0,1381.3,77.6,,,,
Iowa,Ames,"59,271",131.6,0.0,54.0,11.8,65.8,2453.1,491.0,1909.9,52.3,,,,
Indiana,Anderson,"56,132",481.0,1.8,96.2,133.6,249.4,5095.1,1142.0,3584.4,368.8,,,,
Iowa,Ankeny,"46,482",73.1,0.0,17.2,15.1,40.9,1385.5,305.5,1039.1,40.9,,,,
Florida,Apopka,"43,046",339.2,2.3,30.2,137.1,169.6,3057.2,648.1,2269.7,139.4,,,,
Minnesota,Apple Valley,"49,827",,4.0,,32.1,36.1,2239.7,218.8,1968.8,52.2,,,,
California,Arcadia,"57,295",99.5,0.0,1.7,38.4,59.3,2422.5,591.7,1701.7,129.2,,,,
Massachusetts,Arlington,"43,675",116.8,0.0,6.9,20.6,89.3,1179.2,229.0,925.0,25.2,,,,
Massachusetts,Attleboro,"44,033",322.5,0.0,43.1,52.2,227.1,2411.8,556.4,1710.1,145.3,,,,
Alabama,Auburn,"54,785",240.9,5.5,23.7,45.6,166.1,3502.8,763.0,2646.7,93.1,,,,
California,Azusa,"47,111",467.0,2.1,12.7,87.0,365.1,2555.7,649.5,1564.4,341.7,,,,
Massachusetts,Barnstable,"45,570",621.0,2.2,48.3,63.6,506.9,2784.7,829.5,1858.7,96.6,,,,
Illinois,Bartlett,"41,477",74.7,0.0,9.6,21.7,43.4,764.3,69.9,670.3,24.1,,,,
Tennessee,Bartlett,"55,510",237.8,0.0,12.6,34.2,191.0,1401.5,225.2,1124.1,52.2,,,,
Ohio,Beavercreek,"45,563",54.9,0.0,13.2,28.5,13.2,2355.0,250.2,2074.1,30.7,,,,
Texas,Bedford,"48,763",293.3,2.1,20.5,59.5,211.2,2729.5,578.3,1993.3,157.9,,,,
California,Bell Gardens,"42,769",292.3,7.0,4.7,156.7,123.9,1702.2,259.5,720.1,722.5,,,,
Nebraska,Bellevue,"51,678",106.4,1.9,38.7,25.2,40.6,2209.8,299.9,1722.2,187.7,,,,
Illinois,Berwyn,"56,933",198.5,1.8,35.1,77.3,84.3,2513.5,764.1,1566.8,182.7,,,,
Massachusetts,Beverly,"40,150",206.7,0.0,19.9,32.4,154.4,1569.1,288.9,1252.8,27.4,,,,
Massachusetts,Billerica,"41,016",136.5,2.4,24.4,17.1,92.6,1141.0,217.0,868.0,56.1,,,,
Mississippi,Biloxi,"45,037",417.4,2.2,66.6,188.7,159.9,5033.6,1625.3,3153.0,255.3,,,,
New York,Binghamton,"47,250",666.7,6.3,31.7,171.4,457.1,4943.9,1181.0,3665.6,97.4,,,,
Virginia,Blacksburg,"43,070",90.6,0.0,27.9,25.5,37.1,1102.9,185.7,875.3,41.8,,,,
Minnesota,Blaine,"57,953",,0.0,,19.0,50.0,3316.5,345.1,2874.7,96.6,,,,
Michigan,Bloomfield Township,"41,367",53.2,2.4,4.8,9.7,36.3,1092.7,256.2,795.3,41.1,,,,
New Jersey,Bloomfield,"47,620",264.6,2.1,2.1,153.3,107.1,2286.9,552.3,1373.4,361.2,,,,
Missouri,Blue Springs,"52,848",242.2,7.6,22.7,37.8,174.1,3343.6,492.0,2607.5,244.1,,,,
Ohio,Boardman,"40,608",105.9,2.5,14.8,76.3,12.3,4181.4,672.3,3376.2,133.0,,,,
Utah,Bountiful,"43,888",84.3,2.3,38.7,4.6,38.7,2141.8,325.8,1704.3,111.6,,,,
Maryland,Bowie,"55,765",141.7,1.8,0.0,68.1,71.7,1624.7,313.8,1215.8,95.0,,,,
Kentucky,Bowling Green,"59,043",320.1,6.8,61.0,127.0,125.3,5123.4,926.4,3932.7,264.2,,,,
Florida,Bradenton,"50,878",670.2,7.9,45.2,184.8,432.4,3982.1,1004.4,2830.3,147.4,,,,
California,Brea,"40,253",183.8,0.0,5.0,57.1,121.7,3209.7,474.5,2613.5,121.7,,,,
California,Brentwood,"52,811",187.5,1.9,7.6,79.5,98.5,2243.9,454.5,1581.1,208.3,,,,
New Jersey,Bridgewater Township,"44,884",29.0,0.0,8.9,11.1,8.9,1459.3,189.4,1236.5,33.4,,,,
Pennsylvania,Bristol Township,"54,796",204.4,0.0,16.4,133.2,54.7,3146.2,662.5,2292.1,191.6,,,,
Massachusetts,Brookline,"59,658",137.5,0.0,6.7,52.0,78.8,1346.0,248.1,1067.8,30.2,,,,
Colorado,Broomfield,"58,145",51.6,1.7,12.0,10.3,27.5,2086.2,154.8,1850.5,80.8,,,,
Arizona,Buckeye,"52,213",103.4,5.7,1.9,21.1,74.7,2627.7,716.3,1769.7,141.7,,,,
Illinois,Buffalo Grove,"41,687",12.0,0.0,0.0,7.2,4.8,892.4,88.8,798.8,4.8,,,,
Arizona,Bullhead City,"40,277",213.5,12.4,0.0,64.6,136.6,4037.0,819.3,2967.0,250.8,,,,
North Carolina,Burlington,"51,430",789.4,3.9,33.1,204.2,548.3,5428.7,1304.7,3884.9,239.2,,,,
Idaho,Caldwell,"47,223",256.2,2.1,14.8,14.8,224.5,2437.4,563.3,1772.4,101.6,,,,
California,Campbell,"40,339",223.1,0.0,44.6,79.3,99.2,4087.9,919.7,2734.3,433.8,,,,
Illinois,Carol Stream,"40,008",90.0,0.0,7.5,15.0,67.5,1199.8,175.0,987.3,37.5,,,,
Arizona,Casa Grande,"50,132",420.9,6.0,8.0,91.8,315.2,5699.0,1530.0,3857.8,311.2,,,,
Wyoming,Casper,"56,801",151.4,5.3,3.5,21.1,121.5,3464.7,639.1,2642.6,183.1,,,,
Colorado,Castle Rock,"50,038",89.9,2.0,24.0,14.0,50.0,1331.0,203.8,1075.2,52.0,,,,
California,Cathedral City,"52,867",385.9,3.8,18.9,128.6,234.6,2981.1,1184.1,1235.2,561.8,,,,
Texas,Cedar Hill,"46,633",227.3,0.0,23.6,81.5,122.2,3529.7,787.0,2560.4,182.3,,,,
Texas,Cedar Park,"52,051",209.4,0.0,21.1,17.3,171.0,1469.7,178.7,1254.5,36.5,,,,
California,Ceres,"46,167",396.4,0.0,32.5,119.1,244.8,4202.1,853.4,2566.8,781.9,,,,
California,Cerritos,"49,856",240.7,0.0,14.0,134.4,92.3,3750.8,884.5,2513.2,353.0,,,,
North Carolina,Chapel Hill,"58,586",148.5,3.4,17.1,51.2,76.8,2548.4,771.5,1654.0,122.9,,,,
Virginia,Charlottesville,"43,991",450.1,4.5,38.6,113.7,293.2,3414.3,368.3,2832.4,213.7,,,,
Michigan,Chesterfield Township,"43,474",278.3,0.0,16.1,32.2,230.0,2044.9,296.7,1640.1,108.1,,,,
Missouri,Chesterfield,"47,560",48.4,0.0,4.2,14.7,29.4,1587.5,143.0,1402.4,42.1,,,,
Massachusetts,Chicopee,"55,825",462.2,0.0,48.4,129.0,284.8,3007.6,1135.7,1657.0,215.0,,,,
Ohio,Cleveland Heights,"45,761",367.1,0.0,21.9,240.4,104.9,3601.3,666.5,2768.7,166.1,,,,
Tennessee,Cleveland,"42,068",881.9,0.0,68.9,92.7,720.3,5289.1,946.1,4162.3,180.7,,,,
California,Coachella,"42,034",630.4,11.9,21.4,159.4,437.7,3680.4,1008.7,1855.6,816.0,,,,
Florida,Coconut Creek,"54,651",195.8,1.8,18.3,58.6,117.1,2967.9,494.0,2314.7,159.2,,,,
Idaho,Coeur d'Alene,"45,267",574.4,0.0,57.4,30.9,486.0,4369.6,952.1,3081.7,335.8,,,,
Ohio,Colerain Township,"58,345",27.4,0.0,0.0,0.0,27.4,2668.6,270.8,2396.1,1.7,,,,
Tennessee,Collierville,"44,690",172.3,0.0,11.2,15.7,145.4,1984.8,181.2,1761.0,42.5,,,,
California,Colton,"53,431",353.7,0.0,18.7,157.2,177.8,3569.1,984.4,1922.1,662.5,,,,
Indiana,Columbus,"44,817",185.2,2.2,26.8,49.1,107.1,4931.2,584.6,3944.9,401.6,,,,
Colorado,Commerce City,"47,590",357.2,14.7,56.7,35.7,250.1,2983.8,619.9,2103.4,260.6,,,,
New Hampshire,Concord,"42,815",214.9,0.0,51.4,44.4,119.1,2970.9,425.1,2482.8,63.1,,,,
Texas,Conroe,"59,856",369.2,3.3,21.7,123.6,220.5,3443.3,746.8,2507.7,188.8,,,,
Texas,Coppell,"40,053",67.4,0.0,7.5,10.0,49.9,1655.3,322.1,1295.8,37.5,,,,
Florida,Coral Gables,"48,435",163.1,6.2,8.3,45.4,103.2,4701.1,844.4,3627.5,229.2,,,,
Oregon,Corvallis,"55,062",121.7,1.8,20.0,27.2,72.6,2575.3,426.8,2094.0,54.5,,,,
California,Covina,"48,588",310.8,4.1,26.8,113.2,166.7,3398.0,808.8,2202.2,386.9,,,,
Illinois,Crystal Lake,"40,785",152.0,0.0,17.2,24.5,110.3,1971.3,149.6,1782.5,39.2,,,,
California,Cupertino,"59,769",97.0,0.0,10.0,38.5,48.5,1333.5,292.8,952.0,88.7,,,,
Florida,Cutler Bay,"41,799",296.7,2.4,12.0,83.7,198.6,4440.3,574.2,3638.8,227.3,,,,
Ohio,Cuyahoga Falls,"49,470",131.4,0.0,34.4,26.3,70.7,2575.3,464.9,1989.1,121.3,,,,
California,Cypress,"48,976",114.3,0.0,4.1,34.7,75.5,2078.6,373.7,1574.2,130.7,,,,
California,Danville,"43,121",37.1,0.0,0.0,4.6,32.5,1025.0,218.0,767.6,39.4,,,,
Virginia,Danville,"43,324",311.6,6.9,34.6,124.6,145.4,4487.1,974.1,3409.2,103.9,,,,
Illinois,De Kalb,"43,722",448.3,0.0,77.8,64.0,306.5,2982.5,478.0,2449.6,54.9,,,,
Michigan,Dearborn Heights,"57,228",337.2,5.2,26.2,75.1,230.7,2201.7,655.3,1163.8,382.7,,,,
Alabama,Decatur,"56,126",427.6,3.6,16.0,142.5,265.5,5190.1,1462.8,3499.3,228.1,,,,
California,Delano,"54,318",504.4,0.0,11.0,97.6,395.8,2645.5,1003.4,1016.2,625.9,,,,
Illinois,Des Plaines,"58,644",110.8,0.0,6.8,22.2,81.8,1604.6,233.6,1290.8,80.1,,,,
Texas,Desoto,"50,795",259.9,2.0,21.7,84.7,151.6,3508.2,1224.5,2051.4,232.3,,,,
California,Diamond Bar,"56,470",97.4,0.0,1.8,30.1,65.5,1685.9,626.9,929.7,129.3,,,,
Florida,Doral,"47,427",177.1,0.0,10.5,33.7,132.8,4982.4,493.4,4151.6,337.4,,,,
Illinois,Downers Grove,"48,185",60.2,0.0,8.3,24.9,27.0,2062.9,325.8,1699.7,37.4,,,,
Utah,Draper,"43,600",98.6,2.3,13.8,9.2,73.4,1986.2,350.9,1552.8,82.6,,,,
California,Dublin,"47,004",178.7,0.0,8.5,42.5,127.6,1555.2,329.8,1110.5,114.9,,,,
Ohio,Dublin,"42,343",35.4,2.4,2.4,18.9,11.8,1284.7,226.7,1036.8,21.3,,,,
Iowa,Dubuque,"58,460",219.0,3.4,34.2,37.6,143.7,,,1984.3,78.7,,,,
Georgia,Dunwoody,"47,308",95.1,2.1,8.5,59.2,25.4,4073.3,572.8,3263.7,236.7,,,,
New Jersey,East Brunswick Township,"48,009",52.1,0.0,0.0,22.9,29.2,1789.2,258.3,1491.4,39.6,,,,
Connecticut,East Hartford,"51,431",373.3,3.9,50.6,161.4,157.5,3058.5,703.9,2000.7,353.9,,,,
Michigan,East Lansing,"48,701",238.2,0.0,34.9,39.0,164.3,2039.0,441.5,1427.1,170.4,,,,
Rhode Island,East Providence,"46,994",151.1,4.3,27.7,29.8,89.4,1774.7,306.4,1342.7,125.5,,,,
California,Eastvale,"55,439",74.0,0.0,1.8,27.1,45.1,1816.4,461.8,1156.2,198.4,,,,
Minnesota,Edina,"48,932",,0.0,,10.2,16.3,1780.0,228.9,1514.3,36.8,,,,
Washington,Edmonds,"40,609",140.4,2.5,9.9,49.3,78.8,2472.4,640.3,1709.0,123.1,,,,
New Jersey,Egg Harbor Township,"43,501",227.6,0.0,6.9,55.2,165.5,1963.2,446.0,1443.6,73.6,,,,
California,El Centro,"43,643",380.4,4.6,16.0,91.7,268.1,5675.6,1681.8,3602.0,391.8,,,,
Illinois,Elmhurst,"44,460",72.0,0.0,11.2,36.0,24.7,1399.0,251.9,1086.4,60.7,,,,
Connecticut,Enfield,"44,806",67.0,0.0,0.0,26.8,40.2,1830.1,441.9,1319.0,69.2,,,,
Oklahoma,Enid,"49,755",329.6,4.0,56.3,42.2,227.1,3975.5,976.8,2817.8,180.9,,,,
Texas,Euless,"53,228",178.5,0.0,18.8,71.4,88.3,2983.4,608.7,2109.8,264.9,,,,
Massachusetts,Everett,"42,476",400.2,4.7,25.9,155.4,214.2,2321.3,586.2,1417.3,317.8,,,,
New Jersey,Evesham Township,"45,849",65.4,0.0,4.4,17.4,43.6,1491.9,248.6,1223.6,19.6,,,,
Ohio,Fairfield,"42,727",341.7,9.4,16.4,65.5,250.4,3131.5,454.0,2579.2,98.3,,,,
New Mexico,Farmington,"45,328",1061.2,8.8,178.7,86.0,787.6,4116.7,732.4,3154.8,229.4,,,,
Massachusetts,Fitchburg,"40,809",781.7,2.5,51.5,115.2,612.6,2661.2,752.3,1798.6,110.3,,,,
Missouri,Florissant,"52,243",151.2,0.0,5.7,55.5,90.0,2239.5,467.0,1506.4,266.1,,,,
Wisconsin,Fond du Lac,"43,319",422.4,0.0,80.8,25.4,316.3,2793.2,272.4,2440.0,80.8,,,,
Florida,Fort Pierce,"42,566",1108.9,7.0,72.8,321.9,707.1,5462.1,1656.3,3589.7,216.1,,,,
California,Fountain Valley,"56,674",187.0,1.8,12.4,30.0,142.9,2592.0,527.6,1875.6,188.8,,,,
New York,Freeport Village,"43,248",483.3,11.6,9.2,249.7,212.7,2023.2,490.2,1396.6,136.4,,,,
Texas,Galveston,"49,170",602.0,4.1,75.2,240.0,282.7,5021.4,1051.5,3644.5,325.4,,,,
California,Gardena,"59,802",479.9,0.0,21.7,279.3,178.9,2209.0,496.6,1197.3,515.0,,,,
Texas,Georgetown,"50,304",131.2,0.0,27.8,9.9,93.4,1828.9,292.2,1500.9,35.8,,,,
California,Gilroy,"50,042",317.7,6.0,14.0,135.9,161.9,3573.0,677.4,2432.0,463.6,,,,
California,Glendora,"50,903",115.9,0.0,15.7,53.0,47.1,2540.1,396.8,1999.9,143.4,,,,
Illinois,Glenview,"44,909",86.8,0.0,20.0,15.6,51.2,1066.6,256.1,788.3,22.3,,,,
North Dakota,Grand Forks,"53,839",271.2,0.0,44.6,42.7,183.9,2617.1,423.5,2026.4,167.2,,,,
Nebraska,Grand Island,"49,583",326.7,0.0,80.7,42.4,203.7,4648.8,740.2,3749.3,159.3,,,,
Colorado,Grand Junction,"59,516",423.4,3.4,87.4,48.7,284.0,4592.0,517.5,3856.1,218.4,,,,
Texas,Grapevine,"48,095",147.6,2.1,27.0,27.0,91.5,2782.0,341.0,2287.1,153.9,,,,
Montana,Great Falls,"59,360",254.4,1.7,16.8,42.1,193.7,4696.8,539.1,3938.7,219.0,,,,
New York,Greenburgh Town,"43,409",112.9,0.0,0.0,36.9,76.0,1359.2,152.0,1128.8,78.3,,,,
Indiana,Greenwood,"51,746",369.1,1.9,5.8,36.7,324.7,3495.9,400.0,2981.9,114.0,,,,
New Jersey,Hackensack,"43,499",,0.0,9.2,78.2,,2020.7,246.0,1616.1,158.6,,,,
Maryland,Hagerstown,"40,275",489.1,7.4,27.3,186.2,268.2,3615.1,769.7,2532.6,312.8,,,,
Texas,Haltom City,"44,024",240.8,0.0,15.9,61.3,163.5,3302.7,1013.1,2001.2,288.5,,,,
New York,Hamburg Town,"45,166",77.5,0.0,6.6,13.3,57.6,2847.3,418.5,2351.3,77.5,,,,
California,Hanford,"54,787",564.0,3.7,43.8,107.7,408.9,3123.0,615.1,2146.5,361.4,,,,
Pennsylvania,Harrisburg,"49,753",1461.2,22.1,112.6,779.9,546.7,4876.1,1232.1,3326.4,317.6,,,,
Virginia,Harrisonburg,"50,524",217.7,2.0,27.7,49.5,138.5,2111.9,300.8,1757.6,53.4,,,,
Mississippi,Hattiesburg,"46,726",252.5,10.7,27.8,141.2,72.8,5709.9,802.6,4671.9,235.4,,,,
Pennsylvania,Haverford Township,"48,599",51.4,0.0,0.0,16.5,35.0,1189.3,148.2,1012.4,28.8,,,,
New York,Hempstead Village,"54,380",853.3,16.6,16.6,380.7,439.5,1824.2,399.0,1169.5,255.6,,,,
Tennessee,Hendersonville,"52,781",240.6,0.0,11.4,24.6,204.6,1782.8,267.1,1462.6,53.0,,,,
North Carolina,Hickory,"40,361",656.6,7.4,54.5,200.7,393.9,6541.0,1176.9,4962.7,401.4,,,,
California,Highland,"54,403",544.1,7.4,9.2,169.1,358.4,2970.4,1156.2,1266.5,547.8,,,,
New Jersey,Hoboken,"50,794",295.3,0.0,21.7,84.7,189.0,1958.9,297.3,1462.8,198.8,,,,
Illinois,Hoffman Estates,"52,148",126.6,0.0,24.9,49.9,51.8,1361.5,247.4,1073.9,40.3,,,,
Massachusetts,Holyoke,"40,260",948.8,0.0,82.0,216.1,650.8,6232.0,1102.8,4855.9,273.2,,,,
New Jersey,Howell Township,"51,379",79.8,0.0,1.9,17.5,60.3,1241.8,332.8,885.6,23.4,,,,
North Carolina,Huntersville,"48,524",175.2,0.0,12.4,41.2,121.6,2165.9,375.1,1739.3,51.5,,,,
California,Huntington Park,"59,079",631.4,6.8,15.2,411.3,198.0,3244.8,407.9,1723.1,1113.8,,,,
Kansas,Hutchinson,"42,357",618.6,2.4,61.4,56.7,498.1,5947.1,1185.2,4469.2,292.7,,,,
Idaho,Idaho Falls,"58,037",239.5,0.0,44.8,22.4,172.3,2937.8,475.6,2345.1,117.2,,,,
New York,Irondequoit Town,"52,045",151.8,1.9,7.7,71.1,71.1,3137.7,637.9,2397.9,101.8,,,,
New Jersey,Irvington,"54,274",1304.5,16.6,36.9,597.0,654.1,3624.2,1037.3,1468.5,1118.4,,,,
New Jersey,Jackson Township,"55,400",,0.0,10.8,16.2,,1355.6,514.4,817.7,23.5,,,,
Missouri,Jefferson City,"43,413",601.2,4.6,27.6,89.8,479.1,3653.3,541.3,3019.8,92.1,,,,
Indiana,Jeffersonville,"45,640",955.3,4.4,4.4,78.9,867.7,4263.8,898.3,3054.3,311.1,,,,
Missouri,Joplin,"50,654",568.6,3.9,53.3,138.2,373.1,7576.9,1289.1,5764.6,523.2,,,,
Florida,Jupiter,"56,674",202.9,0.0,19.4,65.3,118.2,2110.3,414.7,1619.8,75.9,,,,
New Jersey,Kearny,"41,310",242.1,0.0,7.3,128.3,106.5,2147.2,297.7,1532.3,317.1,,,,
Texas,Keller,"41,137",36.5,0.0,4.9,9.7,21.9,943.2,175.0,736.6,31.6,,,,
Ohio,Kettering,"56,423",88.6,0.0,39.0,35.4,14.2,2288.1,561.8,1657.1,69.1,,,,
Tennessee,Kingsport,"49,639",739.3,4.0,62.5,100.7,572.1,5942.9,868.3,4808.7,265.9,,,,
Washington,Kirkland,"50,243",183.1,0.0,27.9,47.8,107.5,3292.0,656.8,2462.0,173.2,,,,
Indiana,Kokomo,"45,636",387.9,8.8,32.9,133.7,212.6,4069.2,1012.4,2835.5,221.3,,,,
Wisconsin,La Crosse,"51,851",297.0,7.7,40.5,73.3,175.5,3768.5,779.2,2894.8,94.5,,,,
California,La Mesa,"58,444",383.3,3.4,18.8,150.6,210.5,2963.5,600.6,2019.0,343.9,,,,
California,La Mirada,"49,312",198.7,4.1,8.1,40.6,146.0,1573.7,344.7,1020.0,208.9,,,,
California,La Puente,"40,479",298.9,7.4,14.8,103.8,172.9,1287.1,271.7,625.0,390.3,,,,
Washington,Lacey,"43,540",176.8,9.2,13.8,20.7,133.2,3362.4,542.0,2650.4,170.0,,,,
California,Lake Elsinore,"53,912",241.1,3.7,5.6,105.7,126.1,3583.6,996.1,2116.4,471.1,,,,
Arizona,Lake Havasu City,"53,513",108.4,3.7,18.7,13.1,72.9,2534.0,478.4,1891.1,164.4,,,,
Minnesota,Lakeville,"56,805",,0.0,,1.8,15.8,1330.9,216.5,1091.5,22.9,,,,
Ohio,Lakewood,"51,721",123.7,5.8,5.8,65.7,46.4,1981.8,471.8,1314.7,195.3,,,,
Washington,Lakewood,"59,416",782.6,1.7,65.6,181.8,533.5,4869.1,1203.4,3298.8,366.9,,,,
Virginia,Leesburg,"44,889",160.4,2.2,24.5,40.1,93.6,2169.8,102.5,2020.5,46.8,,,,
Utah,Lehi,"49,375",36.5,0.0,8.1,6.1,22.3,1322.5,255.2,1008.6,58.7,,,,
Kansas,Lenexa,"49,222",117.8,2.0,18.3,10.2,87.4,1917.8,188.9,1529.8,199.1,,,,
Massachusetts,Leominster,"41,262",656.8,0.0,31.5,109.1,516.2,3189.4,647.1,2423.5,118.8,,,,
California,Lincoln,"44,378",31.5,0.0,2.3,11.3,18.0,1140.2,457.4,570.1,112.7,,,,
New Jersey,Linden,"40,926",320.1,2.4,12.2,136.8,168.6,2372.6,395.8,1683.5,293.2,,,,
Colorado,Littleton,"43,229",129.5,9.3,46.3,34.7,39.3,2887.0,592.2,2107.4,187.4,,,,
Utah,Logan,"49,672",64.4,0.0,2.0,6.0,56.4,2107.8,414.7,1620.6,72.5,,,,
Illinois,Lombard,"43,482",124.2,2.3,4.6,41.4,75.9,2626.4,271.4,2318.2,36.8,,,,
California,Lompoc,"43,120",514.8,7.0,37.1,62.6,408.2,2704.1,723.6,1825.1,155.4,,,,
Pennsylvania,Lower Merion Township,"58,252",80.7,0.0,3.4,54.9,22.3,1775.0,329.6,1404.2,41.2,,,,
Pennsylvania,Lower Paxton Township,"47,578",239.6,0.0,25.2,94.6,119.8,2194.3,346.8,1811.8,35.7,,,,
Alabama,Madison,"43,860",205.2,0.0,9.1,45.6,150.5,2435.0,499.3,1835.4,100.3,,,,
New Jersey,Manchester Township,"43,491",46.0,0.0,0.0,2.3,43.7,1050.8,457.6,586.3,6.9,,,,
Connecticut,Manchester,"58,444",189.9,1.7,20.5,78.7,89.0,3074.7,492.8,2424.5,157.4,,,,
Ohio,Mansfield,"47,480",374.9,2.1,56.9,195.9,120.1,6750.2,2139.8,4431.3,179.0,,,,
Texas,Mansfield,"58,490",126.5,3.4,39.3,37.6,46.2,1566.1,288.9,1196.8,80.4,,,,
Florida,Margate,"55,010",261.8,5.5,10.9,76.3,169.1,2023.3,561.7,1350.7,110.9,,,,
Arizona,Maricopa,"44,881",129.2,2.2,20.1,26.7,80.2,1880.5,345.4,1412.6,122.5,,,,
Georgia,Marietta,"57,969",817.7,1.7,20.7,227.7,567.5,4395.5,855.6,3217.2,322.6,,,,
New Jersey,Marlboro Township,"40,430",42.0,0.0,2.5,12.4,27.2,794.0,207.8,561.5,24.7,,,,
Ohio,Mentor,"47,123",112.5,0.0,31.8,57.3,23.3,2599.6,218.6,2308.9,72.2,,,,
Mississippi,Meridian,"41,347",565.9,24.2,79.8,299.9,162.0,5173.3,1775.2,2965.1,432.9,,,,
Massachusetts,Methuen,"48,051",162.3,0.0,2.1,29.1,131.1,1810.6,295.5,1369.4,145.7,,,,
Ohio,"Miami Township, Clermont County","41,213",34.0,2.4,7.3,9.7,14.6,1916.9,308.2,1589.3,19.4,,,,
Pennsylvania,Middletown Township,"45,614",85.5,0.0,4.4,41.7,39.5,3494.5,510.8,2876.3,107.4,,,,
Connecticut,Middletown,"47,878",150.4,2.1,2.1,52.2,94.0,1879.8,325.8,1380.6,173.4,,,,
Ohio,Middletown,"48,959",733.3,2.0,63.3,167.5,500.4,8225.2,2318.3,5702.7,204.3,,,,
Michigan,Midland,"42,106",90.2,2.4,35.6,11.9,40.4,1085.4,133.0,950.0,2.4,,,,
Oklahoma,Midwest City,"55,768",529.0,10.8,64.6,82.5,371.2,5347.2,1409.4,3507.4,430.4,,,,
Connecticut,Milford,"52,817",87.1,0.0,3.8,62.5,20.8,3002.8,284.0,2595.8,123.1,,,,
Pennsylvania,"Millcreek Township, Erie County","53,615",93.3,3.7,11.2,41.0,37.3,2038.6,544.6,1438.0,56.0,,,,
Minnesota,Minnetonka,"50,758",,0.0,,9.9,29.6,1647.0,364.5,1239.2,43.3,,,,
North Dakota,Minot,"43,460",232.4,0.0,46.0,13.8,172.6,1755.6,179.5,1392.1,184.1,,,,
Indiana,Mishawaka,"48,363",330.8,6.2,45.5,113.7,165.4,5783.3,1035.9,4420.7,326.7,,,,
Illinois,Moline,"43,509",404.5,0.0,36.8,52.9,314.9,3112.0,468.9,2516.7,126.4,,,,
Louisiana,Monroe,"49,474",990.4,10.1,36.4,276.9,667.0,7630.3,2368.9,5103.7,157.7,,,,
Oklahoma,Moore,"56,661",135.9,1.8,8.8,35.3,90.0,4205.7,875.4,3002.1,328.3,,,,
New Jersey,Mount Laurel Township,"42,150",78.3,0.0,7.1,42.7,28.5,1686.8,320.3,1309.6,56.9,,,,
Illinois,Mount Prospect,"54,428",58.8,0.0,0.0,11.0,47.8,1368.8,152.5,1161.2,55.1,,,,
California,National City,"59,920",619.2,6.7,30.0,275.4,307.1,3109.1,610.8,1819.1,679.2,,,,
New Jersey,New Brunswick,"55,717",685.6,14.4,43.1,387.7,240.5,2711.9,999.7,1563.3,149.0,,,,
California,Newark,"43,539",388.2,2.3,32.2,158.5,195.2,3098.4,895.7,1862.7,339.9,,,,
Ohio,Newark,"47,787",144.4,0.0,41.9,67.0,35.6,4796.3,1048.4,3567.9,180.0,,,,
New York,Niagara Falls,"50,356",1229.2,6.0,51.6,339.6,832.1,5884.1,1489.4,4136.5,258.2,,,,
Illinois,Normal,"52,797",215.9,0.0,36.0,64.4,115.5,2473.6,501.9,1924.4,47.4,,,,
New Jersey,North Brunswick Township,"41,163",123.9,0.0,4.9,63.2,55.9,1771.0,532.0,1161.2,77.7,,,,
Florida,North Lauderdale,"42,352",453.3,7.1,33.1,158.2,255.0,2802.7,935.0,1700.0,167.6,,,,
Florida,North Miami Beach,"43,084",647.6,4.6,62.7,301.7,278.5,4614.2,1629.4,2699.4,285.5,,,,
Florida,North Port,"58,568",222.0,3.4,34.1,20.5,163.9,1833.8,474.7,1314.7,44.4,,,,
Connecticut,Norwich,"40,517",244.3,2.5,44.4,86.4,111.1,2376.8,676.3,1577.1,123.4,,,,
California,Novato,"52,942",181.3,0.0,9.4,49.1,122.8,1805.7,455.2,1178.6,171.9,,,,
Michigan,Novi,"55,623",66.5,0.0,7.2,16.2,43.1,1884.1,129.4,1684.6,70.1,,,,
Illinois,Oak Lawn,"56,964",144.0,0.0,15.8,54.4,73.7,1996.0,198.4,1702.8,94.8,,,,
Florida,Oakland Park,"42,701",784.5,0.0,37.5,316.2,430.9,5290.3,1637.0,3377.0,276.3,,,,
Florida,Ocala,"57,288",654.6,10.5,73.3,160.6,410.2,5406.0,1057.8,4243.5,104.7,,,,
Washington,Olympia,"47,729",314.3,10.5,94.3,77.5,132.0,4368.4,980.5,3151.1,236.8,,,,
Illinois,Orland Park,"57,043",28.0,1.8,1.8,7.0,17.5,2382.4,78.9,2275.5,28.0,,,,
Arizona,Oro Valley,"41,786",50.3,2.4,9.6,7.2,31.1,1624.9,227.3,1323.4,74.2,,,,
Kentucky,Owensboro,"57,751",216.4,0.0,48.5,77.9,90.0,4360.1,812.1,3338.5,209.5,,,,
Florida,Palm Beach Gardens,"49,679",151.0,0.0,22.1,60.4,68.4,3188.5,487.1,2598.7,102.7,,,,
California,Palm Desert,"50,021",207.9,0.0,12.0,98.0,98.0,4642.1,1453.4,2952.8,235.9,,,,
California,Palm Springs,"45,996",656.6,6.5,39.1,226.1,384.8,4852.6,1919.7,2417.6,515.3,,,,
California,Paramount,"54,997",443.7,5.5,12.7,234.6,190.9,2792.9,494.6,1472.8,825.5,,,,
Colorado,Parker,"47,004",125.5,0.0,23.4,6.4,95.7,955.2,219.1,691.4,44.7,,,,
New Jersey,Parsippany-Troy Hills Township,"53,793",72.5,3.7,9.3,26.0,33.5,922.1,254.7,611.6,55.8,,,,
Massachusetts,Peabody,"52,113",232.2,0.0,21.1,23.0,188.1,2114.6,297.4,1713.6,103.6,,,,
Pennsylvania,Penn Hills,"42,488",308.3,11.8,14.1,94.1,188.3,1979.4,727.3,1129.7,122.4,,,,
Florida,Pensacola,"52,909",894.0,13.2,56.7,168.2,655.8,5730.6,1343.8,4160.0,226.8,,,,
New Jersey,Perth Amboy,"51,345",453.8,1.9,17.5,185.0,249.3,2376.1,745.9,1384.8,245.4,,,,
California,Petaluma,"58,995",283.1,1.7,42.4,49.2,189.8,1393.3,252.6,1054.3,86.4,,,,
Texas,Pflugerville,"49,483",123.3,2.0,18.2,12.1,90.9,1620.8,282.9,1287.3,50.5,,,,
Arkansas,Pine Bluff,"48,522",1288.1,28.9,65.9,278.2,915.0,6825.8,2316.5,4138.3,371.0,,,,
Florida,Pinellas Park,"49,821",457.6,10.0,26.1,96.3,325.2,5509.7,945.4,4311.4,252.9,,,,
New Jersey,Piscataway Township,"56,593",113.1,0.0,1.8,37.1,74.2,929.4,235.0,646.7,47.7,,,,
Massachusetts,Pittsfield,"44,868",425.7,0.0,75.8,84.7,265.2,2598.7,829.1,1673.8,95.8,,,,
California,Placentia,"51,778",206.7,1.9,7.7,56.0,141.0,1749.8,353.4,1210.9,185.4,,,,
New Jersey,Plainfield,"50,332",711.3,11.9,27.8,327.8,343.7,2870.9,1045.1,1625.2,200.7,,,,
Idaho,Pocatello,"55,182",255.5,1.8,18.1,39.9,195.7,2721.9,474.8,2160.1,87.0,,,,
Texas,Port Arthur,"54,745",628.4,7.3,34.7,221.0,365.3,4394.9,1560.0,2608.5,226.5,,,,
Florida,Port Orange,"57,300",108.2,3.5,1.7,20.9,82.0,2493.9,525.3,1856.9,111.7,,,,
Michigan,Portage,"46,658",162.9,0.0,49.3,32.1,81.4,3521.4,394.4,3039.1,87.9,,,,
California,Porterville,"55,533",360.1,5.4,18.0,113.4,223.3,3253.9,1071.4,1825.9,356.5,,,,
New York,Poughkeepsie Town,"42,698",126.5,0.0,4.7,60.9,60.9,3248.4,199.1,3023.6,25.8,,,,
California,Poway,"48,968",192.0,0.0,12.3,55.1,124.6,1141.6,279.8,794.4,67.4,,,,
Arizona,Prescott,"40,420",415.6,4.9,34.6,47.0,329.0,2731.3,487.4,2184.6,59.4,,,,
Illinois,Quincy,"40,684",462.1,0.0,63.9,39.3,358.9,3205.2,550.6,2590.7,63.9,,,,
California,Rancho Palos Verdes,"42,335",82.7,0.0,2.4,14.2,66.1,1176.3,394.5,722.8,59.1,,,,
California,Rancho Santa Margarita,"49,038",55.1,0.0,4.1,20.4,30.6,650.5,140.7,489.4,20.4,,,,
Washington,Redmond,"55,770",64.6,0.0,14.3,19.7,30.5,2137.3,308.4,1741.1,87.9,,,,
Massachusetts,Revere,"52,926",508.3,1.9,22.7,136.0,347.7,2352.3,434.6,1594.7,323.1,,,,
Washington,Richland,"50,057",163.8,0.0,40.0,22.0,101.9,2537.1,373.6,2035.7,127.9,,,,
California,Rocklin,"58,865",83.2,0.0,8.5,27.2,47.6,1557.8,412.8,1039.7,105.3,,,,
North Carolina,Rocky Mount,"58,002",1291.3,13.8,22.4,220.7,1034.4,5832.6,1803.4,3779.2,250.0,,,,
Arkansas,Rogers,"57,757",349.7,0.0,74.4,19.0,256.2,3620.3,626.8,2900.1,93.5,,,,
California,Rohnert Park,"41,716",460.3,2.4,26.4,50.3,381.1,1845.8,268.5,1435.9,141.4,,,,
California,Rosemead,"54,656",261.6,0.0,7.3,98.8,155.5,1670.4,336.7,934.9,398.9,,,,
Michigan,Roseville,"47,400",478.9,0.0,67.5,124.5,286.9,4082.3,592.8,3061.2,428.3,,,,
New Mexico,Roswell,"48,623",629.3,16.5,57.6,86.4,468.9,5378.1,1135.3,4088.6,154.2,,,,
Texas,Rowlett,"58,324",121.7,0.0,29.1,15.4,77.2,1726.6,378.9,1272.2,75.4,,,,
Michigan,Royal Oak,"57,649",124.9,0.0,15.6,20.8,88.5,1748.5,310.5,1287.1,150.9,,,,
Michigan,Saginaw Township,"40,642",209.1,2.5,14.8,81.2,110.7,2017.6,292.8,1668.2,56.6,,,,
Michigan,Saginaw,"51,267",2362.1,52.7,126.8,325.7,1856.9,3442.8,2032.5,1205.5,204.8,,,,
Massachusetts,Salem,"42,025",378.3,0.0,16.7,40.5,321.2,2272.5,352.2,1794.2,126.1,,,,
Kansas,Salina,"48,155",334.3,2.1,39.5,47.8,245.0,4886.3,924.1,3740.0,222.2,,,,
Washington,Sammamish,"47,158",33.9,0.0,14.8,2.1,17.0,727.3,231.1,468.6,27.6,,,,
California,San Bruno,"42,002",202.4,0.0,26.2,69.0,107.1,2288.0,304.7,1642.8,340.5,,,,
California,San Gabriel,"40,376",218.0,0.0,7.4,84.2,126.3,1362.2,354.2,856.9,151.1,,,,
California,San Jacinto,"45,637",300.2,6.6,11.0,111.8,170.9,3240.8,922.5,1891.0,427.3,,,,
California,San Luis Obispo,"45,947",259.0,2.2,43.5,41.4,171.9,4289.7,901.0,3212.4,176.3,,,,
Texas,San Marcos,"47,384",346.1,2.1,57.0,59.1,227.9,3285.9,533.9,2526.2,225.8,,,,
California,San Rafael,"58,854",324.5,0.0,23.8,142.7,158.0,3032.9,611.7,1923.4,497.8,,,,
Florida,Sanford,"54,662",590.9,5.5,38.4,303.7,243.3,5422.4,1503.8,3633.2,285.4,,,,
California,Santee,"54,700",281.5,3.7,16.5,54.8,206.6,2027.4,334.6,1451.6,241.3,,,,
Florida,Sarasota,"53,055",801.1,7.5,47.1,256.3,490.1,5460.4,1328.8,3945.0,186.6,,,,
New Jersey,Sayreville,"43,151",88.1,2.3,2.3,27.8,55.6,1341.8,296.6,980.3,64.9,,,,
Wisconsin,Sheboygan,"49,261",345.1,8.1,38.6,42.6,255.8,3079.5,531.9,2460.4,87.3,,,,
Connecticut,Shelton,"40,062",54.9,0.0,17.5,30.0,7.5,1078.3,334.5,661.5,82.4,,,,
Washington,Shoreline,"54,574",181.4,5.5,42.1,75.1,58.6,3030.7,809.9,2021.1,199.7,,,,
Arizona,Sierra Vista,"46,612",278.9,0.0,51.5,60.1,167.3,3306.0,527.8,2610.9,167.3,,,,
Georgia,Smyrna,"52,537",306.5,5.7,22.8,129.4,148.5,2649.6,696.7,1709.3,243.6,,,,
Tennessee,Smyrna,"41,284",256.8,4.8,29.1,50.9,172.0,2390.8,327.0,1942.6,121.1,,,,
New Jersey,South Brunswick Township,"43,875",77.5,0.0,4.6,16.0,57.0,1180.6,246.2,847.9,86.6,,,,
Utah,South Jordan,"52,071",44.2,0.0,7.7,19.2,17.3,1976.1,332.2,1530.6,113.3,,,,
New York,Southampton Town,"50,256",127.3,0.0,6.0,29.8,91.5,1999.8,435.8,1440.6,123.4,,,,
Mississippi,Southaven,"49,938",292.4,0.0,48.1,44.1,200.2,2653.3,378.5,2158.7,116.1,,,,
Connecticut,Southington,"43,219",64.8,2.3,11.6,25.5,25.5,1737.7,300.8,1353.6,83.3,,,,
Michigan,St. Clair Shores,"59,841",252.3,0.0,33.4,21.7,197.2,1980.2,469.6,1361.9,148.7,,,,
Minnesota,St. Louis Park,"46,176",,0.0,,34.7,32.5,3226.8,534.9,2581.4,110.4,,,,
Missouri,St. Peters,"53,364",223.0,0.0,11.2,26.2,185.5,2602.9,213.6,2340.5,48.7,,,,
Pennsylvania,State College,"57,020",92.9,1.8,19.3,21.0,50.9,1380.2,201.7,1154.0,24.6,,,,
Oklahoma,Stillwater,"46,331",261.2,2.2,51.8,45.3,161.9,3175.0,561.2,2490.8,123.0,,,,
Connecticut,Stratford,"52,041",199.8,0.0,28.8,53.8,117.2,2715.2,470.8,2056.1,188.3,,,,
Illinois,Streamwood,"40,050",84.9,0.0,15.0,27.5,42.4,1755.3,307.1,1418.2,30.0,,,,
Ohio,Strongsville,"44,397",29.3,0.0,13.5,11.3,4.5,1792.9,186.9,1576.7,29.3,,,,
South Carolina,Summerville,"45,209",183.6,4.4,4.4,70.8,104.0,2917.6,424.7,2260.6,232.3,,,,
South Carolina,Sumter,"40,911",985.1,17.1,19.6,158.9,789.5,5248.0,1464.2,3444.1,339.8,,,,
Massachusetts,Taunton,"56,438",474.9,0.0,31.9,109.9,333.1,1507.8,673.3,774.3,60.2,,,,
New Jersey,Teaneck Township,"40,230",139.2,0.0,0.0,72.1,67.1,1456.6,298.3,1098.7,59.7,,,,
Texas,Texas City,"46,448",318.6,4.3,23.7,109.8,180.8,3660.0,764.3,2751.5,144.2,,,,
Oregon,Tigard,"49,359",135.7,2.0,18.2,72.9,42.5,3478.6,441.7,2933.6,103.3,,,,
Illinois,Tinley Park,"56,992",75.4,1.8,10.5,19.3,43.9,1472.1,189.5,1245.8,36.8,,,,
Florida,Titusville,"44,374",662.6,9.0,58.6,173.5,421.4,3977.6,1169.6,2255.8,552.1,,,,
New York,Tonawanda Town,"58,393",202.1,1.7,20.6,54.8,125.0,1834.1,339.1,1452.2,42.8,,,,
New York,Troy,"50,391",664.8,13.9,29.8,220.3,400.9,4707.2,1176.8,3328.0,202.4,,,,
Idaho,Twin Falls,"44,866",376.7,0.0,44.6,37.9,294.2,2817.3,461.4,2231.1,124.8,,,,
Ohio,"Union Township, Clermont County","46,833",76.9,2.1,19.2,36.3,19.2,3529.6,493.2,2961.6,74.7,,,,
New Jersey,Union Township,"57,234",138.0,0.0,8.7,76.9,52.4,1864.3,298.8,1341.9,223.6,,,,
Illinois,Urbana,"41,537",356.3,0.0,48.1,163.7,144.4,3474.0,1001.5,2344.9,127.6,,,,
Iowa,Urbandale,"40,467",140.9,0.0,7.4,4.9,128.5,1700.2,264.4,1354.2,81.5,,,,
Georgia,Valdosta,"56,617",438.0,5.3,67.1,155.4,210.2,4104.8,1156.9,2811.9,136.0,,,,
Connecticut,Wallingford,"45,183",33.2,0.0,4.4,22.1,6.6,2022.9,356.3,1611.2,55.3,,,,
Ohio,Warren,"41,355",674.6,9.7,38.7,246.6,379.6,4860.4,1963.5,2626.0,270.8,,,,
New Jersey,"Washington Township, Gloucester County","48,940",136.9,0.0,6.1,59.3,71.5,2327.3,363.7,1879.9,83.8,,,,
California,Watsonville,"52,064",484.0,3.8,28.8,167.1,284.3,3044.3,509.0,1966.8,568.5,,,,
Wisconsin,Wauwatosa,"46,748",166.9,2.1,0.0,119.8,44.9,4120.0,569.0,3471.8,79.1,,,,
New Jersey,Wayne Township,"55,071",72.6,0.0,0.0,23.6,49.0,2228.0,343.2,1803.1,81.7,,,,
New York,Webster Town and Village,"42,936",60.6,0.0,4.7,18.6,37.3,1080.7,202.6,836.1,41.9,,,,
Florida,Wellington,"57,943",248.5,0.0,17.3,48.3,182.9,2493.8,403.8,1905.3,184.7,,,,
Ohio,West Chester Township,"58,897",91.7,0.0,47.5,20.4,23.8,2234.4,365.0,1830.3,39.1,,,,
Iowa,West Des Moines,"58,134",163.4,0.0,27.5,13.8,122.1,3139.3,366.4,2686.9,86.0,,,,
Connecticut,West Haven,"55,626",573.5,1.8,1.8,104.3,465.6,2601.3,354.2,1934.3,312.8,,,,
New Jersey,West New York,"50,507",388.1,0.0,15.8,184.1,188.1,1451.3,386.1,964.2,101.0,,,,
New Jersey,West Orange,"46,505",146.2,4.3,0.0,66.7,75.3,1406.3,318.2,937.5,150.5,,,,
California,West Sacramento,"49,500",383.8,0.0,52.5,147.5,183.8,2945.5,765.7,1844.4,335.4,,,,
New York,West Seneca Town,"44,902",115.8,0.0,4.5,29.0,82.4,1875.2,331.8,1476.5,66.8,,,,
Massachusetts,Westfield,"41,485",183.2,0.0,19.3,33.7,130.2,1856.1,484.5,1328.2,43.4,,,,
Massachusetts,Weymouth,"54,597",344.3,0.0,16.5,76.9,250.9,1474.4,384.6,1009.2,80.6,,,,
Illinois,Wheaton,"53,263",22.5,1.9,1.9,5.6,13.1,1088.9,180.2,889.9,18.8,,,,
New York,White Plains,"57,567",159.8,1.7,5.2,53.9,99.0,2407.6,142.4,2221.8,43.4,,,,
Pennsylvania,Wilkes-Barre,"41,532",414.1,7.2,72.2,183.0,151.7,2992.9,652.5,2092.4,248.0,,,,
North Carolina,Wilson,"49,785",526.3,10.0,6.0,138.6,371.6,4662.0,1337.8,3099.3,225.0,,,,
California,Woodland,"56,323",314.3,0.0,17.8,83.4,213.1,3080.4,640.9,2080.9,358.6,,,,
Rhode Island,Woonsocket,"41,147",534.7,0.0,55.9,143.4,335.4,3059.8,840.9,2041.5,177.4,,,,
Texas,Wylie,"43,645",64.2,4.6,2.3,6.9,50.4,1404.5,229.1,1111.2,64.2,,,,
Pennsylvania,York,"43,955",1335.5,25.0,100.1,430.0,780.3,3599.1,985.1,2388.8,225.2,,,,
California,Yucaipa,"52,622",226.1,0.0,9.5,66.5,150.1,1793.9,515.0,1062.3,216.6,,,,
California,Alameda,"75,467",212.0,1.3,11.91,106.0,92.8,"2,507.1",392.2,"1,723.9",390.9,,,,
Georgia,Albany,"78,512","1,035.5",5.1,34.4,285.3,710.7,"6,369.7","1,793.4","4,291.1",285.3,,,,
New York,Albany,"98,187",816.8,4.1,43.8,253.6,515.3,"4,420.1",903.4,"3,359.9",156.8,,,,
California,Alhambra,"84,469",176.4,-,2.4,78.1,95.9,"2,271.8",384.8,"1,585.2",301.9,,,,
Texas,Allen,"88,783",61.9,-,12.4,14.6,34.9,"1,612.9",242.2,"1,321.2",49.6,,,,
Georgia,Alpharetta,"60,031",70.0,1.7,10.0,30.0,28.3,"2,048.9",211.6,"1,792.4",45.0,,,,
California,Apple Valley,"70,823",312.0,4.2,9.9,91.8,206.1,"2,646.0",979.9,"1,379.5",286.6,,,,
Wisconsin,Appleton,"73,431",290.1,-,38.1,30.0,222.0,"1,895.7",345.9,"1,513.0",36.8,,,,
Illinois,Arlington Heights,"75,463",54.3,1.3,9.3,10.6,33.1,"1,296.0",185.5,"1,088.0",22.5,,,,
North Carolina,Asheville,"85,295",495.9,7.0,38.7,165.3,284.9,"5,756.5",869.9,"4,492.6",393.9,,,,
Washington,Auburn,"72,218",343.4,8.3,31.8,152.3,150.9,"5,518.0","1,362.5","3,344.0",811.4,,,,
Arizona,Avondale,"78,364",297.3,8.9,5.1,91.9,191.4,"4,698.6",874.1,"3,511.8",312.6,,,,
California,Baldwin Park,"76,644",340.5,2.6,6.5,95.2,236.2,"2,068.0",437.1,"1,123.4",507.5,,,,
New Jersey,Bayonne,"64,036",206.1,-,9.4,64.0,132.7,"1,275.8",320.1,874.5,81.2,,,,
Texas,Baytown,"74,420",331.9,6.7,20.2,130.3,174.7,"4,950.3","1,261.8","3,276.0",412.5,,,,
Oregon,Beaverton,"92,276",152.8,-,22.8,39.0,91.0,"1,594.1",212.4,"1,262.5",119.2,,,,
California,Bellflower,"77,886",390.3,7.7,14.1,173.3,195.2,"2,313.6",535.4,"1,137.6",640.7,,,,
Washington,Bellingham,"82,665",266.1,-,35.1,64.1,166.9,"4,808.6",742.8,"3,898.9",166.9,,,,
Pennsylvania,Bensalem Township,"60,665",131.9,1.6,11.5,64.3,54.4,"3,634.7",553.9,"2,934.1",146.7,,,,
Pennsylvania,Bethlehem,"75,388",315.7,2.7,25.2,160.5,127.3,"2,584.0",500.1,"1,973.8",110.1,,,,
North Dakota,Bismarck,"64,103",340.1,1.6,48.4,25.0,265.2,"3,034.2",499.2,"2,374.3",160.7,,,,
Illinois,Bloomington,"77,107",482.4,1.3,54.5,58.4,368.3,"2,330.5",463.0,"1,810.5",57.1,,,,
Indiana,Bloomington,"81,636",297.7,3.7,22.0,51.4,220.5,"3,973.7",761.9,"3,026.9",185.0,,,,
Minnesota,Bloomington,"84,596",,-,,69.7,74.5,"3,796.9",268.3,"3,437.5",91.0,,,,
Florida,Boca Raton,"86,493",189.6,-,13.9,71.7,104.1,"2,956.3",567.7,"2,271.9",116.8,,,,
Illinois,Bolingbrook,"73,836",243.8,1.4,21.7,67.7,153.0,"1,542.6",219.4,"1,273.1",50.1,,,,
Louisiana,Bossier City,"63,116",373.9,3.2,30.1,82.4,258.3,"3,858.0",660.7,"3,088.0",109.3,,,,
Florida,Boynton Beach,"69,937",570.5,7.1,11.4,181.6,370.3,"4,272.4",896.5,"3,160.0",215.9,,,,
New Jersey,Brick Township,"75,809",106.8,-,7.9,21.1,77.8,"1,642.3",349.6,"1,271.6",21.1,,,,
Connecticut,Bristol,"60,688",153.2,4.9,14.8,84.0,49.4,"2,620.0",585.0,"1,850.4",184.6,,,,
Massachusetts,Brockton,"95,156","1,143.4",6.3,50.4,236.5,850.2,"3,227.3",856.5,"2,150.2",220.7,,,,
Minnesota,Brooklyn Park,"77,346",,5.2,,117.7,157.7,"3,399.0",637.4,"2,587.1",174.5,,,,
Texas,Bryan,"78,479",397.6,1.3,39.5,87.9,268.9,"3,151.2",632.0,"2,407.0",112.1,,,,
California,Buena Park,"82,505",249.7,1.2,15.8,93.3,139.4,"2,504.1",414.5,"1,715.0",374.5,,,,
Minnesota,Burnsville,"61,218",,-,,27.8,140.5,"2,956.6",330.0,"2,509.1",117.6,,,,
California,Camarillo,"66,506",91.7,-,7.5,31.6,52.6,"1,436.0",209.0,"1,153.3",73.7,,,,
New Jersey,Camden,"77,665","2,566.1",86.3,95.3,972.1,"1,412.5","5,159.3","1,402.2","2,850.7",906.5,,,,
Ohio,Canton,"72,914",999.8,13.7,87.8,567.8,330.5,"6,476.1","2,180.7","3,663.2",632.3,,,,
Indiana,Carmel,"81,819",13.4,-,2.4,7.3,3.7,987.5,138.1,793.2,56.2,,,,
California,Carson,"93,233",557.7,7.5,15.0,152.3,382.9,"2,905.6",644.6,"1,671.1",589.9,,,,
Illinois,Champaign,"81,329",911.1,3.7,62.7,166.0,678.7,"3,319.8",887.8,"2,332.5",99.6,,,,
New York,Cheektowaga Town,"79,178",221.0,-,24.0,83.4,113.7,"3,562.9",426.9,"3,026.1",109.9,,,,
New Jersey,Cherry Hill Township,"71,337",157.0,1.4,-,77.1,78.5,"3,152.6",379.9,"2,645.2",127.6,,,,
Wyoming,Cheyenne,"60,969",229.6,-,34.4,34.4,160.7,"3,413.2",418.2,"2,837.5",157.5,,,,
California,Chico,"87,090",323.8,1.1,52.8,109.1,160.8,"2,630.6",893.3,"1,445.6",291.7,,,,
California,Chino Hills,"76,632",83.5,-,2.6,28.7,52.2,"1,247.5",456.7,706.0,84.8,,,,
California,Chino,"79,792",364.7,1.3,11.3,65.2,287.0,"2,651.9",704.3,"1,653.0",294.5,,,,
Illinois,Cicero,"84,300",449.6,5.9,21.4,217.1,205.2,"2,634.6",843.4,"1,453.1",338.1,,,,
California,Citrus Heights,"85,112",386.5,2.3,15.3,117.5,251.4,"3,662.2",734.3,"2,369.8",558.1,,,,
New York,Clarkstown Town,"80,186",94.8,-,5.0,33.7,56.1,"1,884.4",133.4,"1,719.8",31.2,,,,
New Jersey,Clifton,"84,684",217.3,-,15.4,94.5,107.5,"1,864.6",422.7,"1,275.3",166.5,,,,
Michigan,Clinton Township,"97,001",300.0,-,39.2,59.8,201.0,"2,298.9",491.7,"1,620.6",186.6,,,,
California,Clovis,"97,828",223.9,3.1,34.8,58.3,127.8,"4,114.4",976.2,"2,744.6",393.5,,,,
Texas,College Station,"96,567",508.5,3.1,35.2,39.4,430.8,"2,483.2",596.5,"1,824.6",62.1,,,,
New York,Colonie Town,"77,853",59.1,-,-,37.2,21.8,"2,719.2",274.9,"2,372.4",71.9,,,,
California,Compton,"98,057","1,242.1",21.4,33.7,436.5,750.6,"2,446.5",585.4,"1,025.9",835.2,,,,
Arkansas,Conway,"60,700",415.2,1.6,47.8,125.2,240.5,"4,182.9",675.5,"3,341.0",166.4,,,,
Minnesota,Coon Rapids,"62,301",,1.6,,25.7,67.4,"3,077.0",311.4,"2,669.3",96.3,,,,
Iowa,Council Bluffs,"62,708","1,186.5",1.6,106.8,129.2,948.8,"6,841.2","1,546.9","4,540.1",754.3,,,,
Rhode Island,Cranston,"80,315",161.9,2.5,19.9,42.3,97.1,"2,375.6",488.1,"1,695.8",191.7,,,,
Connecticut,Danbury,"81,891",133.1,1.2,28.1,55.0,48.8,"1,907.4",350.5,"1,466.6",90.4,,,,
Florida,Davie,"94,952",388.6,5.3,24.2,77.9,281.2,"3,657.6",702.5,"2,701.4",253.8,,,,
California,Davis,"66,628",142.6,-,30.0,46.5,66.0,"2,215.3",585.3,"1,499.4",130.6,,,,
Florida,Daytona Beach,"61,861","1,155.8",6.5,37.2,289.4,822.8,"6,254.3","1,291.6","4,403.4",559.3,,,,
Michigan,Dearborn,"97,215",331.2,1.0,24.7,110.1,195.4,"3,376.0",475.2,"2,533.6",367.2,,,,
Illinois,Decatur,"76,131",462.4,7.9,34.2,139.2,281.1,"3,215.5","1,209.8","1,898.0",107.7,,,,
Florida,Deerfield Beach,"77,431",464.9,5.2,22.0,192.4,245.4,"3,174.4",767.1,"2,169.7",237.6,,,,
Florida,Delray Beach,"62,044",736.6,9.7,41.9,253.0,432.0,"4,754.7",910.6,"3,594.2",249.8,,,,
Alabama,Dothan,"66,275",481.3,7.5,45.3,150.9,277.6,"4,427.0","1,336.9","2,894.0",196.2,,,,
Minnesota,Duluth,"86,830",,2.3,,103.7,245.3,"4,446.6",739.4,"3,509.2",198.1,,,,
Minnesota,Eagan,"65,180",,-,,16.9,23.0,"2,341.2",277.7,"1,996.0",67.5,,,,
New Jersey,East Orange,"64,682",562.8,7.7,34.0,219.5,301.5,"1,801.1",539.6,739.0,522.6,,,,
Minnesota,Eden Prairie,"62,052",,-,,4.8,17.7,"1,551.9",172.4,"1,347.3",32.2,,,,
Texas,Edinburg,"80,332",444.4,1.2,36.1,62.2,344.8,"5,890.6","1,066.8","4,563.6",260.2,,,,
Oklahoma,Edmond,"83,473",101.8,2.4,14.4,24.0,61.1,"2,012.6",363.0,"1,593.3",56.3,,,,
California,Encinitas,"60,960",246.1,1.6,19.7,37.7,187.0,"2,126.0",477.4,"1,524.0",124.7,,,,
Illinois,Evanston,"74,820",304.7,4.0,5.3,105.6,189.8,"2,745.3",562.7,"2,098.4",84.2,,,,
Connecticut,Fairfield,"60,122",54.9,-,3.3,21.6,29.9,"2,163.9",384.2,"1,663.3",116.4,,,,
Massachusetts,Fall River,"89,753","1,062.9",2.2,57.9,291.9,710.8,"3,014.9",862.4,"1,848.4",304.2,,,,
Michigan,Farmington Hills,"80,316",92.1,1.2,18.7,14.9,57.3,"1,573.8",287.6,"1,129.3",156.9,,,,
Arkansas,Fayetteville,"75,387",514.7,1.3,76.9,53.1,383.4,"4,036.5",668.6,"3,191.5",176.4,,,,
Washington,Federal Way,"91,978",321.8,3.3,46.8,115.2,156.6,"5,551.3","1,026.3","3,657.4",867.6,,,,
Indiana,Fishers,"79,375",17.6,-,1.3,11.3,5.0,"1,034.3",127.2,873.1,34.0,,,,
Arizona,Flagstaff,"66,633",393.2,-,42.0,67.5,283.6,"4,253.1",363.2,"3,801.4",88.5,,,,
Texas,Flower Mound,"68,023",30.9,-,-,7.4,23.5,827.7,157.3,645.4,25.0,,,,
California,Folsom,"73,678",115.4,-,9.5,32.6,73.3,"1,733.2",319.0,"1,307.0",107.2,,,,
Florida,Fort Myers,"64,379","1,171.2",37.3,40.4,267.2,826.4,"3,644.0",787.5,"2,545.9",310.7,,,,
Arkansas,Fort Smith,"87,483",785.3,5.7,78.9,108.6,592.1,"5,453.6","1,216.2","4,028.2",209.2,,,,
Massachusetts,Framingham,"69,605",221.2,-,10.1,30.2,181.0,"1,778.6",364.9,"1,270.0",143.7,,,,
New Jersey,"Franklin Township, Somerset County","62,885",114.5,1.6,3.2,74.7,35.0,"1,828.7",562.9,"1,122.7",143.1,,,,
Tennessee,Franklin,"64,848",143.4,1.5,17.0,17.0,107.9,"1,593.0",138.8,"1,390.9",63.2,,,,
Maryland,Frederick,"66,808",570.3,1.5,38.9,158.7,371.2,"2,842.5",366.7,"2,285.7",190.1,,,,
Indiana,Gary,"80,472",904.7,46.0,69.6,341.7,447.4,"5,560.9","2,030.5","2,567.4",963.1,,,,
North Carolina,Gastonia,"72,782",618.3,1.4,39.8,215.7,361.4,"5,842.1","1,343.7","4,224.9",273.4,,,,
New Jersey,Gloucester Township,"64,898",320.5,-,10.8,63.2,246.5,"2,373.0",607.1,"1,670.3",95.5,,,,
Arizona,Goodyear,"67,033",153.7,-,17.9,35.8,100.0,"2,646.5",714.6,"1,772.3",159.6,,,,
New York,Greece Town,"96,752",133.3,-,18.6,47.5,67.2,"2,641.8",423.8,"2,138.5",79.6,,,,
Colorado,Greeley,"96,276",442.5,1.0,41.5,66.5,333.4,"3,368.4",563.0,"2,659.0",146.5,,,,
North Carolina,Greenville,"86,869",523.8,8.1,26.5,194.5,294.7,"4,426.2","1,300.8","2,988.4",137.0,,,,
South Carolina,Greenville,"60,953",835.1,1.6,34.5,170.6,628.4,"5,287.7",989.3,"3,955.5",342.9,,,,
Connecticut,Greenwich,"61,948",37.1,-,3.2,9.7,24.2,594.0,72.6,485.9,35.5,,,,
Connecticut,Hamden,"61,032",527.6,3.3,4.9,63.9,455.5,"2,264.4",321.1,"1,784.3",158.9,,,,
New Jersey,"Hamilton Township, Mercer County","89,111",211.0,-,11.2,110.0,89.8,"2,219.7",548.8,"1,522.8",148.1,,,,
Ohio,Hamilton,"62,791",592.4,4.8,141.7,250.0,195.9,"7,505.9","2,052.8","5,124.9",328.1,,,,
Indiana,Hammond,"81,010",820.9,7.4,22.2,237.0,554.3,"4,256.3","1,155.4","2,645.4",455.5,,,,
Texas,Harlingen,"67,112",403.8,6.0,34.3,92.4,271.2,"4,875.4",903.0,"3,807.1",165.4,,,,
Massachusetts,Haverhill,"61,897",675.3,3.2,19.4,84.0,568.7,"2,324.8",634.9,"1,486.3",203.6,,,,
California,Hawthorne,"85,692",743.4,8.2,30.3,358.3,346.6,"2,545.2",671.0,"1,328.0",546.1,,,,
California,Hemet,"81,213",499.9,1.2,25.9,179.8,293.1,"4,292.4","1,295.4","2,407.3",589.8,,,,
California,Hesperia,"92,383",435.1,6.5,18.4,74.7,335.6,"2,708.3",992.6,"1,282.7",433.0,,,,
Oregon,Hillsboro,"94,119",191.2,2.1,36.1,55.2,97.7,"2,288.6",343.2,"1,823.2",122.2,,,,
Florida,Homestead,"62,785","1,664.4",6.4,52.6,501.7,"1,103.8","5,122.2","1,396.8","3,426.0",299.4,,,,
Alabama,Hoover,"82,332",104.5,2.4,15.8,55.9,30.4,"2,647.8",477.3,"2,067.2",103.2,,,,
California,Indio,"78,501",573.2,2.5,28.0,194.9,347.8,"3,555.4","1,065.0","1,867.5",622.9,,,,
Iowa,Iowa City,"69,214",267.3,1.4,41.9,44.8,179.2,"2,661.3",559.1,"2,014.0",88.1,,,,
Tennessee,Jackson,"65,725","1,478.9",16.7,33.5,290.6,"1,138.1","4,938.8","1,478.9","3,254.5",205.4,,,,
Wisconsin,Janesville,"63,642",281.3,3.1,33.0,55.0,190.1,"3,870.1",532.7,"3,235.3",102.1,,,,
Georgia,Johns Creek,"80,037",53.7,-,3.7,20.0,30.0,657.2,129.9,507.3,20.0,,,,
Tennessee,Johnson City,"64,342",495.8,1.6,21.8,79.3,393.2,"4,468.3",839.3,"3,478.3",150.8,,,,
Arkansas,Jonesboro,"68,807",428.7,5.8,30.5,113.4,279.0,"4,588.2","1,694.6","2,745.4",148.2,,,,
California,Jurupa Valley,"97,577",319.7,1.0,12.3,95.3,211.1,"3,252.8",749.2,"1,823.2",680.5,,,,
Michigan,Kalamazoo,"74,797",878.4,12.0,102.9,220.6,542.8,"4,171.3","1,116.4","2,854.4",200.5,,,,
Louisiana,Kenner,"67,110",207.1,3.0,17.9,90.9,95.4,"3,738.6",576.7,"2,939.9",222.0,,,,
Washington,Kennewick,"76,971",297.5,1.3,42.9,45.5,207.9,"3,081.7",584.6,"2,332.0",165.0,,,,
Wisconsin,Kenosha,"99,993",274.0,1.0,36.0,105.0,132.0,"2,999.2",707.0,"2,194.2",98.0,,,,
Florida,Kissimmee,"62,183",905.4,3.2,54.7,194.6,652.9,"5,004.6","1,321.9","3,457.5",225.1,,,,
California,La Habra,"61,731",238.1,3.2,11.3,72.9,150.7,"1,862.9",413.1,"1,278.1",171.7,,,,
Indiana,Lafayette,"68,160",597.1,1.5,52.8,101.2,441.6,"4,831.3","1,046.1","3,494.7",290.5,,,,
California,Laguna Niguel,"64,533",72.8,-,9.3,24.8,38.7,"1,183.9",291.3,838.3,54.2,,,,
California,Lake Forest,"79,166",135.2,-,10.1,25.3,99.8,"1,374.3",286.7,"1,008.0",79.6,,,,
Florida,Lakeland,"99,934",465.3,10.0,33.0,144.1,278.2,"5,219.4","1,296.9","3,737.5",185.1,,,,
New Jersey,Lakewood Township,"93,742",117.3,2.1,1.1,49.1,65.1,"1,176.6",292.3,837.4,46.9,,,,
California,Lakewood,"81,382",278.9,1.2,16.0,125.3,136.4,"2,533.7",455.9,"1,696.9",380.9,,,,
Pennsylvania,Lancaster,"60,155",773.0,11.6,61.5,345.8,354.1,"4,820.9",729.8,"3,908.2",182.9,,,,
Florida,Largo,"78,783",500.1,1.3,54.6,144.7,299.6,"3,956.4",728.6,"3,062.8",165.0,,,,
New Mexico,Las Cruces,"99,824",394.7,5.0,56.1,70.1,263.5,"4,426.8",992.7,"3,219.7",214.4,,,,
Florida,Lauderhill,"69,046",850.2,11.6,27.5,350.5,460.6,"4,249.3","1,793.0","2,188.4",267.9,,,,
Kansas,Lawrence,"89,180",414.9,-,58.3,59.4,297.2,"4,481.9",677.3,"3,577.0",227.6,,,,
Massachusetts,Lawrence,"77,661","1,010.8",2.6,32.2,287.1,688.9,"2,530.2",690.2,956.7,883.3,,,,
Oklahoma,Lawton,"98,781",931.4,13.2,38.5,175.1,704.6,"5,272.3","1,579.3","3,390.3",302.7,,,,
Utah,Layton,"69,420",121.0,-,47.5,10.1,63.4,"2,748.5",469.6,"2,179.5",99.4,,,,
Texas,League City,"86,127",91.7,-,18.6,32.5,40.6,"2,013.3",347.2,"1,586.0",80.1,,,,
Missouri,Lee's Summit,"91,840",118.7,-,14.2,26.1,78.4,"2,316.0",286.4,"1,912.0",117.6,,,,
California,Livermore,"82,800",363.5,-,18.1,38.6,306.8,"2,180.0",374.4,"1,593.0",212.6,,,,
Michigan,Livonia,"96,028",152.0,3.1,19.8,33.3,95.8,"2,211.9",336.4,"1,667.2",208.3,,,,
California,Lodi,"63,718",439.4,3.1,18.8,135.0,282.5,"4,078.9","1,183.3","2,366.7",528.9,,,,
Colorado,Longmont,"88,925",211.4,-,12.4,33.7,165.3,"2,439.1",403.7,"1,917.3",118.1,,,,
Texas,Longview,"82,554",560.8,8.5,33.9,158.7,359.8,"5,102.1","1,150.8","3,568.6",382.8,,,,
Ohio,Lorain,"64,148",506.6,6.2,53.0,212.0,235.4,"5,039.9","1,942.4","2,913.6",183.9,,,,
Colorado,Loveland,"69,147",209.7,-,31.8,31.8,146.1,"2,600.3",328.3,"2,205.4",66.5,,,,
Virginia,Lynchburg,"77,347",345.2,3.9,44.0,59.5,237.9,"2,706.0",471.9,"2,144.9",89.2,,,,
Massachusetts,Lynn,"91,846",820.9,2.2,52.3,185.1,581.4,"2,818.8",760.0,"1,757.3",301.6,,,,
California,Lynwood,"70,908",763.0,12.7,33.8,297.6,418.9,"1,936.3",493.6,709.4,733.3,,,,
Georgia,Macon,"92,836",628.0,22.6,44.2,260.7,300.5,"7,216.0","1,969.1","4,708.3",538.6,,,,
California,Madera,"62,796",742.1,3.2,30.3,181.5,527.1,"2,581.4","1,039.9",990.5,551.0,,,,
Massachusetts,Malden,"60,605",462.0,1.7,31.4,123.8,305.3,"1,985.0",463.7,"1,310.1",211.2,,,,
California,Manteca,"68,887",384.7,-,16.0,120.5,248.2,"3,891.9",659.1,"2,676.8",556.0,,,,
Minnesota,Maple Grove,"62,840",,-,,17.5,20.7,"2,036.9",251.4,"1,745.7",39.8,,,,
Washington,Marysville,"61,381",189.0,3.3,26.1,58.7,101.0,"2,882.0",648.4,"1,906.1",327.5,,,,
Oregon,Medford,"76,037",558.9,2.6,51.3,84.2,420.8,"5,810.3",627.3,"4,950.2",232.8,,,,
Florida,Melbourne,"77,133",853.1,7.8,62.2,172.4,610.6,"4,374.3",840.1,"3,379.9",154.3,,,,
California,Menifee,"80,047",108.7,1.2,5.0,30.0,72.5,"2,426.1",633.4,"1,385.4",407.3,,,,
California,Merced,"80,976","1,000.3",11.1,30.9,265.5,692.8,"5,076.8","1,179.4","3,360.3",537.2,,,,
Connecticut,Meriden,"60,934",364.3,8.2,41.0,124.7,190.4,"2,973.7",690.9,"2,007.1",275.7,,,,
Idaho,Meridian,"77,270",119.1,-,16.8,11.6,90.6,"1,591.8",284.7,"1,281.2",25.9,,,,
Florida,Miami Beach,"91,066","1,033.3",5.5,46.1,446.9,534.8,"9,913.7","1,150.8","8,275.3",487.6,,,,
New Jersey,Middletown Township,"66,919",67.2,1.5,9.0,12.0,44.8,"1,092.4",240.6,829.4,22.4,,,,
California,Milpitas,"68,433",118.4,1.5,16.1,49.7,51.1,"2,956.2",485.1,"1,972.7",498.3,,,,
California,Mission Viejo,"95,599",76.4,-,3.1,29.3,43.9,"1,252.1",225.9,979.1,47.1,,,,
Texas,Mission,"80,557",129.1,3.7,7.4,57.1,60.8,"2,942.0",525.1,"2,219.5",197.4,,,,
Montana,Missoula,"67,758",326.2,-,36.9,48.7,240.6,"4,488.0",557.9,"3,775.2",155.0,,,,
Texas,Missouri City,"70,819",121.4,-,11.3,48.0,62.1,"1,241.2",309.2,865.6,66.4,,,,
California,Montebello,"63,538",229.8,4.7,6.3,105.4,113.3,"2,793.6","1,130.0",978.9,684.6,,,,
California,Monterey Park,"61,270",122.4,6.5,1.6,68.5,45.7,"1,668.0",406.4,899.3,362.3,,,,
South Carolina,Mount Pleasant,"70,016",218.5,-,7.1,8.6,202.8,"1,756.7",245.7,"1,428.2",82.8,,,,
New York,Mount Vernon,"68,146",899.5,14.7,20.5,330.2,534.1,"1,973.7",475.4,"1,300.1",198.1,,,,
California,Mountain View,"75,933",204.1,-,6.6,44.8,152.8,"1,868.8",234.4,"1,484.2",150.1,,,,
Indiana,Muncie,"70,300",367.0,1.4,12.8,140.8,211.9,"4,173.5",981.5,"2,903.3",288.8,,,,
Idaho,Nampa,"83,316",243.7,2.4,52.8,24.0,164.4,"2,616.5",612.1,"1,908.4",96.0,,,,
California,Napa,"78,589",274.8,2.5,21.6,49.6,201.0,"2,090.6",444.1,"1,365.3",281.2,,,,
New Hampshire,Nashua,"86,870",234.8,-,42.6,55.3,137.0,"2,717.9",431.7,"2,189.5",96.7,,,,
Massachusetts,New Bedford,"96,031","1,072.6",2.1,56.2,283.2,731.0,"3,311.4",967.4,"2,030.6",313.4,,,,
Texas,New Braunfels,"60,482",190.1,1.7,31.4,44.6,112.4,"3,488.6",496.0,"2,840.5",152.1,,,,
Connecticut,New Britain,"73,458",431.5,4.1,6.8,243.7,177.0,"3,971.0","1,055.0","2,381.0",535.0,,,,
New York,New Rochelle,"78,025",232.0,-,3.8,116.6,111.5,"1,789.2",230.7,"1,475.2",83.3,,,,
California,Newport Beach,"87,286",115.7,1.1,12.6,30.9,71.0,"2,464.3",509.8,"1,845.7",108.8,,,,
Massachusetts,Newton,"86,710",87.6,-,5.8,19.6,62.3,"1,031.0",213.4,799.2,18.5,,,,
New Jersey,North Bergen Township,"61,747",144.1,3.2,11.3,58.3,71.3,"1,183.9",200.8,803.3,179.8,,,,
Arkansas,North Little Rock,"63,125",711.3,12.7,14.3,280.4,404.0,"8,666.9","1,907.3","6,168.7",590.9,,,,
Florida,North Miami,"60,964",854.6,4.9,34.4,351.0,464.2,"4,876.6","1,286.0","3,100.2",490.5,,,,
Texas,North Richland Hills,"65,750",258.6,1.5,27.4,35.0,194.7,"2,390.9",457.8,"1,817.5",115.6,,,,
Pennsylvania,Northern York Regional,"66,974",98.5,3.0,4.5,20.9,70.2,"1,736.5",150.8,"1,523.0",62.7,,,,
Connecticut,Norwalk,"86,693",313.8,3.5,10.4,78.4,221.5,"1,975.9",288.4,"1,559.5",128.0,,,,
Missouri,O'Fallon,"80,670",91.7,2.5,6.2,5.0,78.1,"1,544.6",155.0,"1,363.6",26.0,,,,
Utah,Ogden,"85,083",414.9,2.4,29.4,112.8,270.3,"4,702.5",862.7,"3,585.9",253.9,,,,
New Jersey,Old Bridge Township,"66,057",84.8,3.0,3.0,22.7,56.0,"1,380.6",216.5,"1,074.8",89.3,,,,
Utah,Orem,"91,953",44.6,2.2,12.0,22.8,7.6,"2,357.7",220.8,"2,052.1",84.8,,,,
Wisconsin,Oshkosh,"66,514",287.2,-,19.5,27.1,240.6,"2,588.9",511.2,"2,022.1",55.6,,,,
Illinois,Palatine,"68,890",42.1,1.5,8.7,11.6,20.3,"1,293.4",47.9,"1,215.0",30.5,,,,
California,Palo Alto,"66,019",80.3,-,6.1,39.4,34.8,"2,134.2",495.3,"1,566.2",72.7,,,,
Ohio,Parma,"80,963",69.2,-,4.9,17.3,46.9,557.0,58.1,491.6,7.4,,,,
Washington,Pasco,"63,806",304.0,1.6,20.4,64.3,217.8,"2,606.3",656.7,"1,686.4",263.3,,,,
New Jersey,Passaic,"70,237",730.4,8.5,2.8,330.3,388.7,"2,077.3",625.0,"1,228.7",223.5,,,,
Rhode Island,Pawtucket,"71,085",405.1,5.6,49.2,113.9,236.3,"3,445.2",955.2,"1,959.6",530.4,,,,
Texas,Pearland,"94,702",129.9,1.1,19.0,29.6,80.3,"1,851.1",292.5,"1,470.9",87.6,,,,
California,Perris,"70,616",339.9,4.2,8.5,133.1,194.0,"2,946.9",691.1,"1,583.2",672.7,,,,
Texas,Pharr,"73,599",366.9,-,19.0,59.8,288.0,"3,157.7",750.0,"2,212.0",195.7,,,,
California,Pico Rivera,"63,988",407.9,1.6,9.4,143.8,253.2,"2,781.8",545.4,"1,661.2",575.1,,,,
California,Pittsburg,"64,890",234.2,4.6,9.2,127.9,92.5,"3,247.0","1,141.9","1,269.8",835.3,,,,
Florida,Plantation,"87,705",317.0,4.6,12.5,144.8,155.1,"3,925.7",800.4,"2,909.8",215.5,,,,
California,Pleasanton,"71,875",68.2,1.4,5.6,25.0,36.2,"1,779.5",229.6,"1,384.3",165.6,,,,
Minnesota,Plymouth,"72,020",,-,,19.4,26.4,"1,663.4",358.2,"1,262.1",43.0,,,,
Maine,Portland,"66,413",260.5,1.5,49.7,123.5,85.8,"3,963.1",618.9,"3,220.8",123.5,,,,
Virginia,Portsmouth,"96,739",476.5,11.4,42.4,188.1,234.7,"4,983.5","1,259.1","3,506.3",218.1,,,,
Massachusetts,Quincy,"93,736",427.8,-,33.1,89.6,305.1,"1,657.8",528.1,"1,006.0",123.8,,,,
Wisconsin,Racine,"79,055",473.1,5.1,39.2,266.9,161.9,"4,023.8","1,392.7","2,466.6",164.4,,,,
New York,Ramapo Town,"85,448",93.6,-,5.9,15.2,72.6,837.9,160.3,658.9,18.7,,,,
California,Rancho Cordova,"66,214",593.5,13.6,42.3,169.1,368.5,"3,182.1",635.8,"2,060.0",486.3,,,,
South Dakota,Rapid City,"69,979",607.3,5.7,158.6,78.6,364.4,"5,080.1",844.5,"3,906.9",328.7,,,,
Pennsylvania,Reading,"88,557",935.0,16.9,49.7,431.4,437.0,"4,078.7","1,634.0","1,839.5",605.3,,,,
California,Redding,"90,974",774.9,3.3,72.5,144.0,555.1,"4,814.6","1,195.9","3,066.8",551.8,,,,
California,Redlands,"70,399",313.9,2.8,21.3,106.5,183.2,"4,250.1",863.6,"2,818.2",568.2,,,,
California,Redondo Beach,"67,856",280.0,5.9,8.8,75.2,190.1,"2,352.0",392.0,"1,802.3",157.7,,,,
California,Redwood City,"78,466",265.1,-,16.6,112.2,136.4,"2,294.0",670.4,"1,428.6",195.0,,,,
Washington,Renton,"93,722",302.0,2.1,28.8,122.7,148.3,"4,867.6",957.1,"3,252.2",658.3,,,,
New Mexico,Rio Rancho,"89,462",225.8,2.2,25.7,23.5,174.4,"2,128.3",406.9,"1,548.1",173.3,,,,
Virginia,Roanoke,"97,780",554.3,9.2,40.9,144.2,360.0,"4,879.3",961.3,"3,664.3",253.6,,,,
South Carolina,Rock Hill,"68,064",656.7,11.8,52.9,164.6,427.5,"3,783.2",592.1,"2,950.2",240.9,,,,
Georgia,Roswell,"92,141",143.3,1.1,7.6,68.4,66.2,"1,867.8",433.0,"1,332.7",102.0,,,,
California,San Clemente,"65,089",115.2,-,9.2,36.9,69.1,"1,289.0",268.9,926.4,93.7,,,,
California,San Leandro,"86,869",503.1,2.3,17.3,312.0,171.5,"4,126.9",804.7,"2,410.5",911.7,,,,
California,San Marcos,"85,810",264.5,2.3,12.8,66.4,183.0,"1,750.4",426.5,"1,057.0",266.9,,,,
California,San Mateo,"99,303",262.8,-,13.1,81.6,168.2,"1,889.2",287.0,"1,458.2",144.0,,,,
California,San Ramon,"74,013",60.8,-,4.1,17.6,39.2,"1,148.4",197.3,855.3,95.9,,,,
Georgia,Sandy Springs,"97,890",191.0,3.1,5.1,100.1,82.7,"2,809.3",724.3,"1,911.3",173.7,,,,
Utah,Sandy,"90,405",162.6,2.2,26.5,38.7,95.1,"2,945.6",501.1,"2,287.5",157.1,,,,
California,Santa Barbara,"89,871",403.9,-,59.0,105.7,239.2,"3,466.1",620.9,"2,697.2",148.0,,,,
California,Santa Cruz,"60,902",711.0,4.9,55.8,136.3,513.9,"5,886.5",865.3,"4,587.7",433.5,,,,
New Mexico,Santa Fe,"68,751",481.4,2.9,21.8,158.5,298.2,"5,668.3","2,773.8","2,641.4",253.1,,,,
California,Santa Monica,"91,215",433.0,2.2,25.2,165.5,240.1,"3,725.3",642.4,"2,887.7",195.1,,,,
Illinois,Schaumburg,"74,585",91.2,-,17.4,24.1,49.6,"3,334.5",266.8,"2,984.5",83.1,,,,
New York,Schenectady,"66,631",939.5,10.5,48.0,298.7,582.3,"4,244.3","1,215.7","2,815.5",213.1,,,,
Pennsylvania,Scranton,"76,118",331.1,-,30.2,169.5,131.4,"3,354.0",842.1,"2,359.5",152.4,,,,
Kansas,Shawnee,"63,542",133.8,-,17.3,18.9,97.6,"1,668.2",239.2,"1,210.2",218.8,,,,
Michigan,Shelby Township,"73,960",116.3,-,27.0,12.2,77.1,"1,417.0",220.4,"1,137.1",59.5,,,,
Iowa,Sioux City,"83,289",329.0,2.4,36.0,55.2,235.3,"4,166.2",745.6,"3,175.7",244.9,,,,
Illinois,Skokie,"65,096",205.8,-,26.1,56.8,122.9,"2,422.6",436.3,"1,892.6",93.7,,,,
Massachusetts,Somerville,"77,200",348.4,-,29.8,106.2,212.4,"2,233.2",450.8,"1,616.6",165.8,,,,
California,South Gate,"95,966",576.2,9.4,15.6,276.1,275.1,"2,652.0",427.2,"1,268.2",956.6,,,,
California,South San Francisco,"65,006",170.8,-,18.5,44.6,107.7,"2,032.1",540.0,"1,203.0",289.2,,,,
Michigan,Southfield,"72,253",487.2,2.8,47.1,188.2,249.1,"3,527.9",865.0,"2,117.6",545.3,,,,
Nevada,Sparks,"92,387",253.3,1.1,34.6,73.6,144.0,"2,769.9",659.2,"1,850.9",259.8,,,,
Washington,Spokane Valley,"91,164",215.0,1.1,34.0,73.5,106.4,"5,270.7",975.2,"3,821.7",473.9,,,,
Arkansas,Springdale,"71,668",463.2,1.4,79.5,41.9,340.5,"3,756.2",637.7,"2,914.8",203.7,,,,
Ohio,Springfield,"60,329",618.3,8.3,63.0,295.0,252.0,"7,188.9","2,353.8","4,551.7",283.4,,,,
Oregon,Springfield,"60,119",173.0,-,28.3,49.9,94.8,"5,076.6",687.0,"4,012.0",377.6,,,,
Missouri,St. Charles,"66,723",151.4,1.5,10.5,34.5,104.9,"2,921.0",332.7,"2,492.4",95.9,,,,
Utah,St. George,"75,780",204.5,-,35.6,30.4,138.6,"2,059.9",405.1,"1,540.0",114.8,,,,
Missouri,St. Joseph,"77,330",417.7,1.3,28.4,117.7,270.3,"6,088.2","1,284.1","4,324.3",479.8,,,,
Texas,Sugar Land,"82,924",131.4,-,4.8,44.6,82.0,"1,858.3",348.5,"1,467.6",42.2,,,,
Florida,Sunrise,"87,168",263.9,1.1,21.8,107.8,133.1,"3,704.3",916.6,"2,623.7",164.1,,,,
Florida,Tamarac,"62,382",306.2,8.0,20.8,118.6,158.7,"2,520.0",979.4,"1,383.4",157.1,,,,
Michigan,Taylor,"62,534",484.5,1.6,49.6,95.9,337.4,"3,834.7",900.3,"2,528.2",406.2,,,,
Texas,Temple,"68,194",296.2,1.5,32.3,108.5,154.0,,,"2,101.4",130.5,,,,
Indiana,Terre Haute,"61,152",312.3,6.5,47.4,139.0,119.4,"6,099.6","1,692.5","3,944.3",462.8,,,,
New Jersey,Toms River Township,"92,131",87.9,1.1,3.3,43.4,40.2,"3,140.1",694.7,"2,404.2",41.2,,,,
California,Tracy,"85,047",170.5,4.7,9.4,77.6,78.8,"2,537.4",333.9,"1,866.0",337.5,,,,
New Jersey,Trenton,"85,317","1,466.3",28.1,27.0,676.3,734.9,"3,218.6","1,513.2","1,155.7",549.7,,,,
Michigan,Troy,"81,567",73.6,2.5,11.0,15.9,44.1,"2,040.0",221.9,"1,687.0",131.2,,,,
California,Tulare,"60,848",617.9,9.9,16.4,116.7,475.0,"3,944.3","1,176.7","2,221.9",545.6,,,,
California,Turlock,"69,730",638.2,2.9,28.7,139.1,467.5,"3,565.2",894.9,"1,940.3",730.0,,,,
Alabama,Tuscaloosa,"91,973",519.7,4.3,40.2,184.8,290.3,"4,728.6","1,285.2","3,223.8",219.6,,,,
California,Tustin,"77,400",147.3,-,14.2,46.5,86.6,"2,135.7",310.1,"1,656.3",169.3,,,,
California,Union City,"71,089",330.6,-,12.7,144.9,173.0,"2,543.3",604.9,"1,506.6",431.9,,,,
New Jersey,Union City,"67,518",370.3,1.5,3.0,157.0,208.8,"1,873.6",356.9,"1,319.6",197.0,,,,
California,Upland,"75,531",195.9,-,10.6,88.7,96.6,"3,082.2",838.1,"1,759.5",484.6,,,,
Pennsylvania,Upper Darby Township,"82,978",623.1,3.6,19.3,325.4,274.8,"2,380.1",268.7,"1,975.2",136.2,,,,
New York,Utica,"62,445",658.2,1.6,36.8,201.8,418.0,"4,330.2",946.4,"3,225.2",158.5,,,,
California,Vacaville,"93,951",261.8,3.2,25.5,77.7,155.4,"2,161.8",339.5,"1,639.2",183.1,,,,
Texas,Victoria,"64,076",632.1,7.8,48.4,73.4,502.5,"4,032.7",927.0,"2,944.9",160.7,,,,
New Jersey,Vineland,"61,252",367.3,1.6,11.4,107.8,246.5,"4,148.4","1,133.0","2,945.2",70.2,,,,
California,Vista,"96,087",483.9,1.0,26.0,149.9,307.0,"1,961.8",455.8,"1,163.5",342.4,,,,
California,Walnut Creek,"65,816",127.6,-,4.6,28.9,94.2,"3,114.7",677.6,"2,222.9",214.2,,,,
Massachusetts,Waltham,"61,725",236.5,-,19.4,38.9,178.2,"1,375.5",309.4,988.3,77.8,,,,
Georgia,Warner Robins,"69,231",528.7,8.7,30.3,203.7,286.0,"5,747.4","1,128.1","4,405.5",213.8,,,,
Rhode Island,Warwick,"82,282",124.0,1.2,18.2,35.2,69.3,"2,572.9",405.9,"2,051.5",115.5,,,,
Michigan,Waterford Township,"72,224",195.2,-,26.3,44.3,124.6,"1,856.7",412.6,"1,312.6",131.5,,,,
Iowa,Waterloo,"68,919",682.0,5.8,92.9,100.1,483.2,"3,647.8","1,201.4","2,307.1",139.3,,,,
Illinois,Waukegan,"89,468",469.4,2.2,52.5,178.8,235.8,"3,004.4",698.6,"2,234.3",71.5,,,,
Wisconsin,Waukesha,"71,049",150.6,1.4,36.6,33.8,78.8,"1,835.4",327.9,"1,462.4",45.0,,,,
Wisconsin,West Allis,"60,870",313.8,-,18.1,159.4,136.4,"4,793.8",906.9,"3,670.1",216.9,,,,
Michigan,West Bloomfield Township,"65,157",55.3,3.1,3.1,13.8,35.3,"1,059.0",227.1,813.4,18.4,,,,
Connecticut,West Hartford,"63,487",72.5,-,3.2,55.1,14.2,"2,669.8",382.8,"2,123.3",163.8,,,,
Michigan,Westland,"83,299",405.8,1.2,73.2,96.0,235.3,"2,893.2",690.3,"1,806.7",396.2,,,,
California,Westminster,"91,908",309.0,2.2,9.8,95.7,201.3,"3,128.1",507.0,"2,269.7",351.4,,,,
Florida,Weston,"67,452",91.9,3.0,7.4,20.8,60.8,980.0,219.4,730.9,29.7,,,,
California,Whittier,"86,740",284.8,-,11.5,93.4,179.8,"2,884.5",517.6,"2,026.7",340.1,,,,
Delaware,Wilmington,"72,088","1,703.5",36.1,47.2,657.5,962.7,"5,304.6","1,681.3","3,117.0",506.3,,,,
Minnesota,Woodbury,"63,190",,-,,11.1,17.4,"2,291.5",305.4,"1,910.1",76.0,,,,
Washington,Yakima,"93,419",605.9,11.8,55.7,162.7,375.7,"6,180.8","1,683.8","3,324.8","1,172.1",,,,
California,Yorba Linda,"65,820",80.5,-,4.6,16.7,59.3,"1,195.7",338.8,808.3,48.6,,,,
Pennsylvania,York Area Regional,"60,732",120.2,1.6,23.1,26.3,69.2,"1,052.2",260.2,759.1,32.9,,,,
Ohio,Youngstown,"66,567","1,027.5",33.0,58.6,366.5,569.4,"5,462.2","2,612.4","2,435.1",414.6,,,,
California,Yuba City,"65,653",376.2,6.1,33.5,65.5,271.1,"3,018.9",763.1,"1,975.5",280.3,,,,
Arizona,Yuma,"95,568",531.6,5.2,28.3,63.8,434.2,"3,508.5",999.3,"2,262.3",246.9,,,,
Texas,Abilene,"119,886",393.7,2.5,31.7,105.9,253.6,"3,664.3",865,"2,656.7",142.6,,,,
Ohio,Akron,"198,390",886.6,12.1,84.2,290.8,499.5,"5,057.7","1,728.4","2,965.9",363.4,,,,
Virginia,Alexandria,"145,892",166.6,-,6.2,94.6,65.8,"2,049.5",192.6,"1,633.4",223.5,,,,
Pennsylvania,Allentown,"119,334",547.2,12.6,45.3,313.4,176,"3,857.2","1,045.8","2,503.1",308.4,,,,
Texas,Amarillo,"196,576",650.1,5.1,56.0,141.4,447.7,"4,527.5","1,061.7","3,145.9",320,,,,
New York,Amherst Town,"117,591",74.8,-,6.0,23.8,45.1,"1,922.8",182,"1,709.3",31.5,,,,
Michigan,Ann Arbor,"115,008",197.4,0.9,30.4,43.5,122.6,"2,370.3",620.8,"1,650.3",99.1,,,,
California,Antioch,"105,009","1,017.1",9.5,27.6,354.3,625.7,"4,530.1","1,658","1,828.4","1,043.7",,,,
Colorado,Arvada,"109,029",144.9,-,20.2,26.6,98.1,"2,389.3",357.7,"1,847.2",184.4,,,,
Georgia,Athens-Clarke County,"117,457",387.4,4.3,40.9,134.5,207.7,"3,917.2",978.2,"2,732.9",206,,,,
Illinois,Aurora,"199,765",281.8,-,32.5,62.6,186.7,"1,784.6",472.6,"1,249",63.1,,,,
Louisiana,Baton Rouge,"231,500","1,082.9",28.5,27.6,446.2,580.6,"5,209.1","1,652.7","3,348.2",208.2,,,,
Texas,Beaumont,"120,323","1,032.2",10.8,63.2,339.1,619.2,"4,840.3","1,519.2","3,089.2",231.9,,,,
Washington,Bellevue,"126,022",127.8,1.6,20.6,53.2,52.4,"2,779.7",543.6,"2,102",134.1,,,,
California,Berkeley,"114,961",423.6,4.3,33.9,291.4,93.9,"4,954.7",844.6,"3,552.5",557.6,,,,
Montana,Billings,"106,371",347.8,2.8,35.7,63.9,245.4,"4,523.8",745.5,"3,391.9",386.4,,,,
Alabama,Birmingham,"213,266","1,517.8",31.4,71.3,460.9,954.2,"6,934.1","2,205.7","4,239.8",488.6,,,,
Idaho,Boise,"211,569",268,0.5,35.4,30.3,201.8,"2,524.9",431.5,"2,019.2",74.2,,,,
Colorado,Boulder,"100,257",248.4,-,31.9,47.9,168.6,"2,929.5",470.8,"2,331",127.7,,,,
Connecticut,Bridgeport,"146,030","1,205.2",15.1,265.7,415.0,509.5,"3,528.7",943,"1,991.4",594.4,,,,
Oklahoma,Broken Arrow,"100,688",153.9,1,32.8,38.7,81.4,"2,172.1",371.4,"1,686.4",114.2,,,,
Texas,Brownsville,"181,102",261.2,1.7,21.0,69.0,169.5,"4,603.5",632.2,"3,857.5",113.7,,,,
California,Burbank,"105,057",231.3,1.9,22.8,105.7,100.9,"2,373",364.6,"1,819",189.4,,,,
Massachusetts,Cambridge,"106,981",402.9,0.9,18.7,126.2,257.1,"2,889.3",469.2,"2,320",100,,,,
Florida,Cape Coral,"159,625",143.5,2.5,10.0,25.7,105.2,"2,205.8",538.8,"1,595.6",71.4,,,,
California,Carlsbad,"107,879",245.6,1.9,24.1,51.0,168.7,"1,955",460.7,"1,356.1",138.1,,,,
Texas,Carrollton,"124,477",144.6,1.6,5.6,60.3,77.1,"2,742.7",619.4,"1,894.3",229,,,,
North Carolina,Cary,"141,016",81.6,-,7.8,20.6,53.2,"1,353.7",262.4,"1,046.7",44.7,,,,
Iowa,Cedar Rapids,"128,401",277.3,2.3,33.5,75.5,165.9,"3,678.3",752.3,"2,728.2",197.8,,,,
Colorado,Centennial,"104,022",150.9,1,38.5,31.7,79.8,"1,383.4",266.3,"1,043",74,,,,
Arizona,Chandler,"242,721",258.7,1.6,26.4,61.4,169.3,"2,707.2",472.6,"2,129.2",105.5,,,,
South Carolina,Charleston,"123,856",239,9.7,15.3,84.0,130,"2,723.3",302,"2,231.6",189.7,,,,
Virginia,Chesapeake,"227,531",368.7,5.3,15.8,88.8,258.9,"2,765.3",454.4,"2,188.3",122.6,,,,
California,Chula Vista,"249,830",232.6,3.2,13.2,90.9,125.3,"2,033.8",370.7,"1,262.1",401.1,,,,
Tennessee,Clarksville,"137,356",637,7.3,33.5,72.1,524.2,"2,723.6",710.6,"1,891.4",121.6,,,,
Florida,Clearwater,"109,255",665.4,2.7,54.0,188.5,420.1,"3,902.8",841.2,"2,900.6",161.1,,,,
Missouri,Columbia,"110,646",430.2,2.7,37.1,146.4,244,"3,814.9",708.6,"2,977.1",129.2,,,,
Georgia,Columbus,"196,178",506.7,8.7,15.8,215.6,266.6,"5,742.7","1,380.9","3,930.6",431.2,,,,
California,Concord,"125,205",321.1,-,15.2,122.2,183.7,"3,340.1",662.1,"2,151.7",526.3,,,,
Florida,Coral Springs,"125,021",183.2,0.8,8.0,62.4,112,"2,255.6",457.5,"1,678.1",120,,,,
California,Corona,"157,342",133.5,0.6,10.8,64.8,57.2,"2,633.1",547.2,"1,758",327.9,,,,
California,Costa Mesa,"112,635",225.5,3.6,28.4,73.7,119.9,"3,621.4",593.1,"2,707.9",320.5,,,,
California,Daly City,"103,311",209.1,-,8.7,73.6,126.8,"1,745.2",382.3,"1,114.1",248.8,,,,
Iowa,Davenport,"101,193",596.9,4,39.5,149.2,404.2,"4,039.8",879.5,"2,877.7",282.6,,,,
Ohio,Dayton,"142,139",973.7,16.9,78.8,445.3,432.7,"5,899.2","2,140.9","3,270.7",487.6,,,,
Texas,Denton,"118,942",310.2,0.8,72.3,68.9,168.1,"2,742.5",531.4,"2,079.2",132,,,,
Iowa,Des Moines,"207,400",527.5,3.4,48.2,120.5,355.4,"4,922.9","1,212.2","3,333.7",377,,,,
California,Downey,"113,628",335.3,5.3,17.6,167.2,145.2,"3,112.8",589.6,"1,679.2",844,,,,
North Carolina,Durham,"235,563",725.9,8.9,26.7,261.1,429.2,"4,363.6","1,394.1","2,670.6",298.9,,,,
New Jersey,Edison Township,"101,007",120.8,-,8.9,58.4,53.5,"1,466.2",337.6,"1,018.7",109.9,,,,
California,El Cajon,"101,864",358.3,2,23.6,144.3,188.5,"2,369.8",484,"1,499.1",386.8,,,,
California,El Monte,"115,356",342.4,3.5,12.1,176.0,150.8,"1,933.1",495,937.1,501.1,,,,
Illinois,Elgin,"109,155",235.4,1.8,61.4,69.6,102.6,"1,815.8",327.1,"1,416.3",72.4,,,,
New Jersey,Elizabeth,"126,281",797.4,11.1,29.3,423.7,333.4,"3,445.5",781.6,"1,739.8",924.1,,,,
California,Elk Grove,"156,344",327.5,0.6,12.8,60.8,253.3,"2,105.6",431.1,"1,538.9",135.6,,,,
Pennsylvania,Erie,"101,972",449.1,7.8,62.8,168.7,209.9,"3,442.1","1,073.8","2,266.3",102,,,,
California,Escondido,"147,386",426.1,3.4,25.8,139.8,257.1,"2,637.3",518.4,"1,604.6",514.3,,,,
Oregon,Eugene,"158,043",272.1,-,45.6,124.0,102.5,"5,064.4",958.6,"3,830.6",275.2,,,,
Indiana,Evansville,"118,194",473.8,6.8,47.4,168.4,251.3,"5,146.6",957.7,"3,833.5",355.3,,,,
Washington,Everett,"105,318",456.7,0.9,43.7,172.8,239.3,"6,092","1,106.2","4,064.8",921,,,,
California,Fairfield,"107,110",423.9,7.5,28.0,129.8,258.6,"3,096.8",631.1,"2,001.7",464,,,,
North Dakota,Fargo,"109,813",358.8,1.8,62.8,41.9,252.2,"2,581.7",410.7,"2,029.8",141.1,,,,
North Carolina,Fayetteville,"205,966",575.8,10.7,34.0,271.9,259.3,"6,390.9","1,995","4,028.8",367.1,,,,
Michigan,Flint,"101,632","2,729.5",62,106.3,662.2,"1,899","5,554.4","2,931.2","2,171.6",451.6,,,,
California,Fontana,"200,874",423.2,2.5,15.4,144.9,260.4,"2,237.2",547.1,"1,189.3",500.8,,,,
Colorado,Fort Collins,"148,792",262.8,1.3,29.6,26.9,205,"2,768.3",401.9,"2,271",95.4,,,,
Florida,Fort Lauderdale,"170,827",903.3,9.4,28.1,488.8,377,"5,830.5","1,727.5","3,757.6",345.4,,,,
California,Fremont,"218,927",139.8,0.9,6.4,60.3,72.2,"1,945.4",537.2,"1,142.8",265.4,,,,
Texas,Frisco,"123,205",79.5,-,6.5,19.5,53.6,"2,051.1",357.1,"1,650.1",43.8,,,,
California,Fullerton,"138,455",326.5,-,22.4,98.9,205.1,"2,843.5",535.9,"2,074.3",233.3,,,,
Florida,Gainesville,"127,036",669.9,4.7,58.3,134.6,472.3,"4,094.1",794.3,"3,111.7",188.1,,,,
California,Garden Grove,"175,079",250.7,0.6,9.1,77.1,163.9,"2,294.4",434.7,"1,516.5",343.3,,,,
Texas,Garland,"234,984",229.8,3,20.0,100.4,106.4,"3,691.7",943.9,"2,496.3",251.5,,,,
Arizona,Gilbert,"214,264",95.7,2.3,8.9,27.5,56.9,"1,580.3",338.8,"1,164.9",76.5,,,,
Arizona,Glendale,"232,997",491.4,5.2,23.2,177.3,285.8,"6,409.5","1,221.9","4,662.3",525.3,,,,
California,Glendale,"194,902",119.5,-,3.1,55.4,61.1,"1,561.3",264.7,"1,138",158.5,,,,
Texas,Grand Prairie,"181,782",274.5,0.6,27.5,88.0,158.4,"2,885.9",714,"1,824.2",347.7,,,,
Michigan,Grand Rapids,"189,953",771.2,8.4,24.2,243.2,495.4,"3,484","1,009.2","2,333.7",141.1,,,,
Wisconsin,Green Bay,"106,080",484.5,0.9,41.5,82.0,360.1,"2,807.3",621.2,"2,083.3",102.8,,,,
Oregon,Gresham,"108,202",450.1,3.7,30.5,191.3,224.6,"4,489.8",818.8,"2,985.2",685.8,,,,
Virginia,Hampton,"137,905",227.7,6.5,11.6,105.9,103.7,"3,377",549.7,"2,637.3",190,,,,
Connecticut,Hartford,"125,203","1,321.9",18.4,21.6,511.2,770.7,"4,248.3",838.6,"2,769.1",640.6,,,,
California,Hayward,"147,424",415.8,4.1,31.2,232.0,148.6,"3,250.5",752.3,"1,510.6",987.6,,,,
Florida,Hialeah,"233,107",347.5,1.7,17.2,111.5,217.1,"3,086.1",449.6,"2,320.4",316.2,,,,
North Carolina,High Point,"106,801",520.6,4.7,17.8,173.2,324.9,"4,135.7","1,112.3","2,755.6",267.8,,,,
Florida,Hollywood,"145,313",442.5,3.4,26.2,191.3,221.6,"5,307.9","1,347.4","3,506.2",454.2,,,,
California,Huntington Beach,"194,677",160.8,1.5,15.9,42.6,100.7,"2,809.8",409.4,"2,235.5",164.9,,,,
Alabama,Huntsville,"183,691",923.3,7.6,39.2,248.2,628.2,"5,041.6","1,178.6","3,476.5",386.5,,,,
Missouri,Independence,"117,433",457.3,4.3,36.6,108.1,308.3,"6,090.3","1,067","4,356.5",666.8,,,,
California,Inglewood,"111,488",699.6,12.6,24.2,334.6,328.3,"2,397.6",579.4,"1,245.9",572.3,,,,
California,Irvine,"217,528",50.6,0.9,3.7,13.3,32.6,"1,518.9",262,"1,194.8",62.1,,,,
Texas,Irving,"224,007",226.3,1.3,12.1,60.3,152.7,"2,815.5",570.1,"1,993.7",251.8,,,,
Mississippi,Jackson,"175,939",948.1,35.8,76.7,454.1,381.4,"6,575","2,344","3,585.3",645.7,,,,
Illinois,Joliet,"148,471",340.8,7.4,20.2,70.0,243.1,"2,583",642.5,"1,834",106.4,,,,
Kansas,Kansas City,"147,201",595.8,10.2,57.7,188.2,339.7,"5,120.9","1,203.8","3,096.4",820.6,,,,
Washington,Kent,"122,102",444.7,1.6,55.7,158.9,228.5,"4,478.2","1,014.7","2,755.9",707.6,,,,
Texas,Killeen,"131,965",644.9,9.1,62.1,178.8,394.8,"3,778.3","1,135.1","2,497.6",145.5,,,,
Tennessee,Knoxville,"182,254",973.4,9.9,65.3,289.7,608.5,"6,676.9","1,581.3","4,594.1",501.5,,,,
Louisiana,Lafayette,"122,852",634.1,9,9.0,164.4,451.8,"5,547.3","1,082.6","4,268.6",196.2,,,,
Colorado,Lakewood,"146,404",461.7,1.4,64.2,101.1,295.1,"4,579.8",626.3,"3,538.2",415.3,,,,
California,Lancaster,"159,155",539.7,5,33.9,196.7,304.1,"2,197.9",655.3,"1,288.7",253.8,,,,
Michigan,Lansing,"114,688",939.9,11.3,80.2,177.0,671.4,"3,290.7","1,139.6","1,920.9",230.2,,,,
Texas,Laredo,"245,558",421.9,3.3,33.0,74.5,311.1,"4,351.3",699.6,"3,496.5",155.2,,,,
Arkansas,Little Rock,"196,055","1,315.4",23,69.9,411.6,811,"8,061","2,164.7","5,337.8",558.5,,,,
Massachusetts,Lowell,"108,539",539,-,34.1,160.3,344.6,"2,879.1",782.2,"1,825.2",271.8,,,,
Texas,Lubbock,"237,241",827,4.6,43.8,137.0,641.5,"5,173.2","1,306.3","3,552.9",314,,,,
Wisconsin,Madison,"237,508",377.7,1.3,48.0,101.5,226.9,"3,264.3",674.1,"2,483.3",106.9,,,,
New Hampshire,Manchester,"110,040",567.1,0.9,65.4,186.3,314.4,"3,496.9",771.5,"2,588.1",137.2,,,,
Texas,McAllen,"135,745",122.3,0.7,2.2,41.3,78.1,"4,025.9",370.5,"3,499.9",155.4,,,,
Texas,McKinney,"138,105",165.8,-,39.1,42.0,84.7,"2,017.3",356.3,"1,585.7",75.3,,,,
Texas,Mesquite,"144,811",305.2,1.4,9.7,126.4,167.8,"4,340.1","1,082.8","2,782.9",474.4,,,,
Florida,Miami Gardens,"111,177",837.4,22.5,14.4,331.9,468.6,"4,303","1,160.3","2,771.3",371.5,,,,
Texas,Midland,"115,637",344.2,3.5,18.2,45.0,277.6,"2,601.2",483.4,"2,000.2",117.6,,,,
Florida,Miramar,"125,998",426.2,1.6,24.6,129.4,270.6,"2,368.3",684.1,"1,508.8",175.4,,,,
California,Modesto,"204,631",777,9.8,28.8,219.9,518.5,"5,510.4","1,256.4","3,374.9",879.1,,,,
Alabama,Montgomery,"209,018",395.7,21.1,19.6,219.6,135.4,"5,768.9","1,631","3,611.2",526.7,,,,
California,Moreno Valley,"199,673",353.6,2.5,12.5,165.8,172.8,"3,190.7","1,010.7","1,730.8",449.2,,,,
Tennessee,Murfreesboro,"112,247",624.5,2.7,49.0,119.4,453.5,"3,568.9",822.3,"2,582.7",163.9,,,,
California,Murrieta,"106,839",65.5,0.9,7.5,19.7,37.4,"1,605.2",381.9,"1,101.7",121.7,,,,
Illinois,Naperville,"142,840",83.3,2.1,4.9,16.8,59.5,"1,431",178.5,"1,223.7",28.7,,,,
Connecticut,New Haven,"129,934","1,439.2",13.1,42.3,649.6,734.2,"5,014.9","1,116.7","3,348.6",549.5,,,,
Virginia,Newport News,"181,591",415.2,11,27.5,149.2,227.4,"3,151",566.7,"2,440.1",144.3,,,,
Virginia,Norfolk,"245,303",543,13.9,30.6,200.2,298.4,"4,643.6",921.7,"3,425.6",296.4,,,,
Oklahoma,Norman,"113,969",151.8,0.9,45.6,47.4,57.9,"2,676.2",551.9,"1,976",148.3,,,,
South Carolina,North Charleston,"100,675",732.1,12.9,60.6,210.6,448,"5,718.4",848.3,"4,333.7",536.4,,,,
Nevada,North Las Vegas,"221,884",763.9,6.3,32.9,175.3,549.4,"2,494.1",701.7,"1,362",430.4,,,,
California,Norwalk,"107,295",403.6,10.3,12.1,159.4,221.8,"2,431.6",502.4,"1,432.5",496.8,,,,
California,Oceanside,"171,141",425.4,4.7,28.0,102.3,290.4,"2,506.1",491.4,"1,754.7",260,,,,
Texas,Odessa,"103,635","1,064.3",4.8,41.5,136.1,881.9,"3,586.6",743,"2,475",368.6,,,,
Kansas,Olathe,"128,560",148.6,-,29.6,18.7,100.3,"1,929.1",245,"1,546.4",137.7,,,,
California,Ontario,"167,933",318,1.8,21.4,158.4,136.4,"3,010.7",630,"1,797.7",583,,,,
California,Orange,"139,692",96.6,2.9,5.7,38.7,49.4,"2,028",357.9,"1,463.2",206.9,,,,
Florida,Orlando,"246,513","1,017.4",9.7,41.8,244.6,721.3,"6,613.8","1,532.6","4,552.3",529,,,,
Kansas,Overland Park,"177,085",160.9,1.1,22.6,23.7,113.5,"2,303.4",292,"1,828.5",183,,,,
California,Oxnard,"201,797",298.8,4.5,4.0,150.6,139.7,"2,017.4",420.2,"1,326.6",270.6,,,,
Florida,Palm Bay,"104,635",528.5,2.9,18.2,74.5,432.9,"2,348.2",687.2,"1,530.1",130.9,,,,
California,Palmdale,"155,294",522.9,3.9,23.8,144.2,350.9,"2,184.9",666.5,"1,331.7",186.7,,,,
California,Pasadena,"139,382",310.7,3.6,15.1,123.4,168.6,"2,424.3",639.3,"1,605.7",179.4,,,,
Texas,Pasadena,"154,562",402.4,5.2,33.6,95.1,268.5,"3,629.6",646.3,"2,644.2",339,,,,
New Jersey,Paterson,"147,148","1,054.7",14.3,15.0,580.4,445.1,"3,153.3","1,100.3","1,436.6",616.4,,,,
Florida,Pembroke Pines,"159,744",149,1.3,8.8,52.0,87,"2,653",529.6,"1,987.6",135.8,,,,
Arizona,Peoria,"158,347",186.9,5.7,15.2,48.6,117.5,"2,951.1",586.7,"2,196.4",168,,,,
Illinois,Peoria,"115,288",797.1,8.7,21.7,281.0,485.7,"4,356","1,231.7","2,923.1",201.2,,,,
California,Pomona,"151,511",673.9,11.2,41.6,248.8,372.3,"3,336.4",594.7,"2,009.1",732.6,,,,
Florida,Pompano Beach,"103,003","1,029.1",4.9,35.9,406.8,581.5,"5,399.8","1,245.6","3,763",391.3,,,,
Florida,Port St. Lucie,"168,416",234.5,2.4,27.9,32.7,171.6,"1,799.7",484.5,"1,261.2",54,,,,
Rhode Island,Providence,"177,882",636.9,9.6,47.2,203.5,376.7,"4,484.4","1,084.4","2,745.6",654.4,,,,
Utah,Provo,"116,879",127.5,-,30.8,16.3,80.4,"2,109",257.5,"1,754.8",96.7,,,,
Colorado,Pueblo,"109,065",730.8,7.3,19.3,182.5,521.7,"6,445.7","1,737.5","4,256.2",452,,,,
California,Rancho Cucamonga,"169,276",189.6,2.4,9.5,66.2,111.7,"2,576.9",862.5,"1,433.8",280.6,,,,
Nevada,Reno,"230,486",517.2,3,14.3,141.9,357.9,"3,220.6",708.5,"2,129.8",382.2,,,,
California,Rialto,"101,595",501,3.9,16.7,197.8,282.5,"3,514.9",883.9,"1,769.8",861.3,,,,
Texas,Richardson,"103,266",165.6,1.9,26.1,77.5,60,"2,909",675.9,"2,106.2",126.9,,,,
California,Richmond,"106,357","1,092.5",16.9,33.8,367.6,674.1,"4,718.1","1,445.1","1,518.5","1,754.5",,,,
Virginia,Richmond,"207,799",648.7,20.2,18.3,304.6,305.6,"4,380.7",976.9,"2,953.8",450,,,,
Minnesota,Rochester,"108,582",,1.8,,50.7,95.8,"2,505.9",455.9,"1,968.1",82,,,,
New York,Rochester,"211,993",976,17,52.8,385.4,520.8,"5,322.3","1,404.8","3,624.2",293.4,,,,
Illinois,Rockford,"152,293","1,367.8",5.9,81.4,327.7,952.8,"4,995.6","1,460.3","3,285.1",250.2,,,,
California,Roseville,"122,896",238.4,1.6,12.2,68.4,156.2,"2,675.4",422.3,"2,063.5",189.6,,,,
Texas,Round Rock,"106,232",132.7,-,30.1,42.4,60.2,"2,481.4",316.3,"2,091.6",73.4,,,,
Oregon,Salem,"157,353",358.4,4.4,25.4,87.7,240.9,"4,277.6",662.8,"3,150.9",463.9,,,,
California,Salinas,"154,413",665.1,13.6,26.6,316.0,308.9,"3,177.2",788.8,"1,687.7",700.7,,,,
Utah,Salt Lake City,"192,465",675.4,4.2,63.4,164.2,443.7,"7,459.5",947.7,"5,625.4",886.4,,,,
California,San Bernardino,"214,987",940.5,21.9,26.0,373.5,519.1,"4,888.7","1,306.6","2,321.5","1,260.5",,,,
California,Santa Clara,"119,360",185.2,-,8.4,51.1,125.7,"2,769.8",489.3,"1,904.3",376.2,,,,
California,Santa Clarita,"179,248",190.8,0.6,16.7,53.6,119.9,"1,529.7",343.7,"1,016.5",169.6,,,,
California,Santa Maria,"101,207",681.8,-,20.7,143.3,517.8,"2,401",703.5,"1,302.3",395.2,,,,
California,Santa Rosa,"170,862",372.2,1.2,39.2,73.7,258.1,"2,234.6",424.3,"1,625.3",184.9,,,,
Georgia,Savannah-Chatham Metropolitan,"231,285",379.6,9.9,10.8,212.3,146.6,"3,599.5",900.6,"2,413.9",284.9,,,,
Arizona,Scottsdale,"223,432",147.2,1.3,18.8,51.5,75.6,"2,706.4",561.7,"2,036.9",107.9,,,,
Louisiana,Shreveport,"202,164",766.7,8.4,45.5,214.2,498.6,"4,878.2","1,199.5","3,449.2",229.5,,,,
California,Simi Valley,"126,686",111.3,2.4,5.5,28.4,75,"1,512.4",314.2,"1,100.4",97.9,,,,
South Dakota,Sioux Falls,"158,354",398.5,1.3,87.8,44.2,265.2,"3,183.4",567.7,"2,426.8",188.8,,,,
Indiana,South Bend,"101,398",613.4,17.8,54.2,311.6,229.8,"4,760.4","1,720","2,759.4",281.1,,,,
Washington,Spokane,"212,163",645.3,6.1,38.2,253.1,347.8,"8,730.1","1,803.8","5,938.8",987.4,,,,
Illinois,Springfield,"117,131",971.6,8.5,64.9,222.0,676.2,"5,929.3","1,425.8","4,296.9",206.6,,,,
Massachusetts,Springfield,"154,518","1,039.4",7.1,25.2,350.8,656.2,"4,545.7","1,499.5","2,554.4",491.9,,,,
Missouri,Springfield,"160,962",991.5,9.9,87.6,219.3,674.7,"9,010.8","1,376.1","6,981.8",652.9,,,,
Florida,St. Petersburg,"248,340",901.6,6,37.9,235.6,622.1,"5,013.7","1,181","3,479.9",352.7,,,,
Connecticut,Stamford,"124,201",282.6,4,20.1,116.7,141.7,"1,555.5",233.5,"1,185.2",136.9,,,,
Michigan,Sterling Heights,"129,974",178.5,3.1,12.3,23.1,140,"1,983.5",274.7,"1,584.2",124.6,,,,
California,Sunnyvale,"143,606",118.4,2.1,9.7,49.4,57.1,"1,779.2",364.9,"1,181",233.3,,,,
Arizona,Surprise,"120,793",134.1,2.5,6.6,51.3,73.7,"2,059.7",429.7,"1,532.4",97.7,,,,
New York,Syracuse,"145,934",940.2,9.6,51.4,311.1,568.1,"4,095","1,299.2","2,534",261.8,,,,
Washington,Tacoma,"202,646",797,5.9,45.9,239.8,505.3,"6,349","1,463.1","3,945.3",940.6,,,,
Florida,Tallahassee,"185,461",853,6.5,62.0,283.1,501.5,"4,646.3","1,418.1","2,945.6",282.5,,,,
California,Temecula,"103,414",93.8,-,9.7,51.3,32.9,"2,359.4",568.6,"1,585.9",205,,,,
Arizona,Tempe,"166,061",528.7,6.6,26.5,152.4,343.2,"4,711.5",752.7,"3,664.3",294.5,,,,
Colorado,Thornton,"123,115",269.7,0.8,47.1,33.3,188.4,"2,645.5",386.6,"1,974.6",284.3,,,,
California,Thousand Oaks,"129,171",121.5,-,17.8,35.6,68.1,"1,422.9",215.2,"1,138",69.7,,,,
Kansas,Topeka,"128,843",599.2,11.6,30.3,183.9,373.3,"5,309.6",991.1,"3,855.1",463.4,,,,
California,Torrance,"147,851",128.5,2.7,11.5,62.2,52.1,"1,819.4",357.8,"1,233",228.6,,,,
Texas,Tyler,"100,040",535.8,3,45.0,92.0,395.8,"4,504.2","1,024.6","3,348.7",130.9,,,,
California,Vallejo,"117,912",744.6,11.9,37.3,322.3,373.2,"4,956.2","2,279.7","1,425.6","1,250.9",,,,
Washington,Vancouver,"166,375",355.8,3,43.3,103.4,206.2,"3,893.6",627.5,"2,610.4",655.7,,,,
California,Ventura,"108,511",285.7,0.9,22.1,129.0,133.6,"3,580.3",717,"2,603.4",259.9,,,,
California,Victorville,"118,687",569.6,5.1,33.7,187.0,343.8,"3,762","1,547.8","1,669.1",545.1,,,,
California,Visalia,"127,604",426.3,3.9,34.5,105.0,282.9,"4,334.5",961.6,"2,960.7",412.2,,,,
Texas,Waco,"128,595",493.8,4.7,49.0,141.5,298.6,"4,544.5","1,205.3","3,218.6",120.5,,,,
Michigan,Warren,"134,340",532.2,-,67.7,110.2,354.3,"2,819",743.6,"1,525.2",550.1,,,,
Connecticut,Waterbury,"110,486",296.9,4.5,6.3,167.4,118.6,"4,265.7",599.2,"3,202.2",464.3,,,,
California,West Covina,"107,861",260.5,1.9,10.2,100.1,148.3,"2,989",506.2,"1,979.4",503.4,,,,
Utah,West Jordan,"107,103",185.8,1.9,22.4,30.8,130.7,"2,769.3",442.6,"2,113.9",212.9,,,,
Florida,West Palm Beach,"102,422",801.6,16.6,30.3,326.1,428.6,"5,276.2","1,258.5","3,711.1",306.6,,,,
Utah,West Valley,"133,725",447.9,0.7,67.3,89.7,290.1,"4,164.5",702.9,"2,970.3",491.3,,,,
Colorado,Westminster,"109,461",259.5,1.8,26.5,46.6,184.5,"2,585.4",360.9,"1,960.5",264,,,,
Texas,Wichita Falls,"105,488",450.3,4.7,34.1,142.2,269.2,"4,759.8","1,193.5","3,348.2",218,,,,
North Carolina,Wilmington,"109,370",565.1,7.3,21.0,238.6,298.1,"5,403.7","1,548.9","3,513.8",341,,,,
North Carolina,Winston-Salem,"234,687",663,2.6,31.5,182.4,446.6,"5,838","1,929.8","3,617.6",290.6,,,,
New Jersey,Woodbridge Township,"100,612",121.3,-,3.0,54.7,63.6,"1,955",335.9,"1,504.8",114.3,,,,
Massachusetts,Worcester,"183,247",959.4,4.4,18.0,228.7,708.3,"3,510","1,113.3","2,143",253.8,,,,
New York,Yonkers,"198,464",570.9,2,14.1,212.6,342.1,"1,292.4",269.6,906.5,116.4,,,,
Alabama,Mobile3,"248,431",,20.13,58.16,177.11,485.85,,"1,216.84","3,730.21",506.78,6217.02,740.25,"5,453.83",22.94
Alaska,Anchorage,"296,188",,9.12,132.01,262.67,799.49,,748.17,"3,619.66","1,047.98",6640.04,"1,203.29","5,415.82",20.93
Arizona,Chandler,"249,355",,2.01,52.13,56.95,148.38,,314.41,"1,866.01",149.18,2589.08,259.47,"2,329.61",
Arizona,Gilbert,"242,090",,2.07,16.11,21.07,46.26,,192.49,"1,137.59",55.76,1483.75,85.51,"1,385.85",12.39
Arizona,Glendale,"249,273",,4.81,38.91,192.96,251.53,,637.45,"3,426.36",466.56,5037.85,488.22,"4,530.37",19.26
Arizona,Mesa,"492,268",,4.67,51.19,92.23,267.74,,381.50,"1,610.91",179.58,2592.49,415.83,"2,171.99",4.67
Arizona,Phoenix,"1,608,139",,9.55,69.46,200.28,481.64,,778.57,"2,426.69",465.46,4443.2,760.93,"3,670.71",11.56
Arizona,Scottsdale,"251,840",,1.99,40.9,39.71,74.65,,348.63,"1,725.70",97.68,2338.38,157.24,"2,172.01",9.13
Arizona,Tucson,"1,532,323",,8.64,93.55,268.82,430.75,,831.07,"3,968.46",452.17,6082.78,801.77,"5,251.70",29.31
California,Anaheim,"353,400",,2.83,32.54,135.82,183.36,,382.29,"1,809.00",439.16,2997.74,354.56,"2,630.45",12.73
California,Bakersfield,"381,154",,10.76,24.14,197.56,246.88,,962.08,"2,377.78",728.58,4618.34,479.33,"4,068.43",70.58
California,Chula Vista,"271,109",,0.74,22.87,112.13,162.30,,236.07,915.50,280.70,1738.79,298.04,"1,432.27",8.48
California,Fremont,"236,368",,0.85,28.77,79.11,73.61,,284.73,"1,499.78",365.95,2343.8,182.34,"2,150.46",11.0
California,Fresno,"526,371",,10.64,33.06,182.0,339.30,,693.24,"2,618.31",529.85,4447.63,565.00,"3,841.40",41.23
California,Irvine,"276,115",,0.72,16.66,19.92,23.90,,227.08,"1,019.14",70.26,1381.31,61.21,"1,316.48",3.62
California,Long Beach,"471,397",,4.67,43.06,262.41,347.69,,586.55,"1,507.01",578.92,3357.25,657.83,"2,672.48",26.94
California,Los Angeles,"3,898,747",,7.01,61.27,269.87,423.17,,415.96,"1,640.99",478.97,3332.52,761.31,"2,535.92",35.29
California,Oakland,"424,915",,16.24,94.14,629.77,559.17,,617.06,"4,072.58","1,293.20",7328.29,"1,299.32","5,982.84",46.13
California,Riverside,"328,023",,3.66,50.61,165.84,288.70,,510.03,"2,020.89",527.40,3589.38,508.81,"3,058.32",22.25
California,Sacramento,"499,997",,7.8,19.8,220.0,428.00,,577.60,"1,815.41",543.60,3654.02,675.60,"2,936.62",41.8
California,San Bernardino,"217,259",,15.65,72.72,403.67,799.05,,983.16,"1,836.52","1,048.06",5189.66,"1,291.09","3,867.73",30.84
California,San Diego,"1,386,932",,2.46,39.25,99.01,225.89,,268.03,"1,214.37",360.57,2220.67,366.61,"1,842.97",11.09
California,San Francisco,"881,255",,6.35,41.65,365.39,301.62,,560.00,"5,059.49",548.54,6917.4,715.00,"6,168.02",34.38
California,San Jose,"1,013,240",,3.08,55.03,132.62,212.91,,378.40,"1,284.69",777.62,2861.02,403.65,"2,440.70",16.67
California,Santa Ana,"335,699",,6.26,56.0,180.22,246.05,,276.74,"1,223.72",589.81,2596.67,488.53,"2,090.27",17.87
California,Santa Clara,"216,350",,1.85,18.49,56.39,85.97,,311.53,923.04,189.51,1592.79,162.70,"1,424.08",6.01
California,Stockton4,"309,566",,17.77,49.75,390.22,956.82,,691.29,"2,274.15",661.89,5109.09,"1,414.56","3,627.34",67.19
Colorado,Aurora,"368,018",,8.15,86.68,184.5,329.06,,454.05,"1,954.80",594.81,3630.53,608.39,"3,003.66",18.48
Colorado,Colorado Springs,"472,958",,6.13,103.39,101.91,312.71,,530.28,"2,235.08",451.41,3765.25,524.15,"3,216.78",24.32
Colorado,Denver,"706,616",,8.35,98.92,174.35,393.99,,612.92,"2,267.29",786.85,4360.93,675.61,"3,667.06",18.26
District of Columbia,"Washington, D.C.","693,972",,16.72,63.84,338.77,529.42,,260.53,"3,528.96",366.73,5104.96,948.74,"4,156.22",
Florida,Hialeah,"238,260",,2.52,13.85,64.64,117.52,,248.89,"1,677.16",287.50,2422.14,198.52,"2,213.55",10.07
Florida,Jacksonville,"894,638",,12.18,60.14,153.81,405.19,,631.09,"2,568.64",326.95,4168.73,631.32,"3,526.68",10.73
Florida,Miami,"463,009",,11.23,22.68,211.23,475.80,,526.99,"3,090.87",396.32,4750.89,720.94,"4,014.18",15.77
Florida,Orlando,"283,982",,8.1,64.44,213.04,458.48,,840.90,"4,125.26",488.41,6206.38,744.06,"5,454.57",7.75
Florida,St. Petersburg,"263,712",,7.58,51.57,189.22,450.11,,671.95,"3,269.85",370.86,5029.35,698.49,"4,312.66",18.2
Florida,Tampa,"384,360",,10.15,31.48,105.63,317.15,,321.31,"1,274.85",147.52,2218.24,464.41,"1,743.68",10.15
Georgia,Atlanta,"481,343",,16.41,58.59,293.55,567.16,,704.28,"3,387.19",684.96,5727.52,935.72,"4,776.43",15.37
Georgia,Savannah,"242,941",,14.41,41.16,156.83,250.27,,549.52,"2,494.84",386.93,3901.36,462.66,"3,431.29",7.41
Hawaii,Honolulu,"990,384",,3.23,28.78,91.68,122.68,,336.33,"2,073.94",364.10,3053.77,246.37,"2,774.38",33.02
Idaho,Boise,"225,677",,0.89,63.81,22.6,191.87,,326.13,"1,965.20",153.32,2741.97,279.16,"2,444.64",18.17
Illinois,Chicago,"2,746,388",,18.26,65.11,439.26,570.36,,477.13,"2,358.83",427.84,4381.65,"1,098.86","3,263.80",18.99
Indiana,Fort Wayne,"266,259",,13.9,51.08,112.3,180.28,,491.25,"2,488.55",199.81,3572.46,357.55,"3,179.61",35.3
Indiana,Indianapolis,"870,788",,17.91,76.71,400.21,839.13,,"1,027.23","2,821.47",563.17,5775.23,"1,333.96","4,411.87",29.4
Iowa,Des Moines,"217,277",,12.89,33.6,167.53,456.10,,"1,099.06","2,734.30",579.90,5102.7,670.11,"4,413.26",19.33
Kansas,Wichita,"391,084",,8.95,97.68,153.16,762.50,,838.95,"4,063.07",633.62,6583.5,"1,022.29","5,535.64",25.57
Kentucky,Lexington,"322,332",,9.0,62.05,169.7,110.13,,647.47,"2,739.72",394.93,4145.73,350.88,"3,782.13",12.72
Kentucky,Louisville Metro6,"684,362",,15.93,25.57,193.76,411.77,,821.64,"2,735.98",564.61,4769.99,647.03,"4,122.23",0.73
Louisiana,Baton Rouge,"227,403",,38.26,43.97,381.7,562.88,,"1,418.63","3,739.62",435.79,6693.84,"1,026.81","5,594.03",73.0
Louisiana,New Orleans,"397,447",,39.5,144.67,329.1,608.13,,560.83,"3,046.19",636.81,5375.57,"1,121.41","4,243.84",10.32
Maryland,Baltimore,"613,217",,55.77,62.29,958.71,950.23,,"1,311.28","2,773.57",843.26,6997.68,"2,027.01","4,928.11",42.56
Massachusetts,Boston,"682,903",,8.35,42.47,205.59,412.80,,308.83,"1,603.74",176.45,2758.22,669.20,"2,089.02",
Michigan,Detroit,"670,792",,39.8,103.91,393.42,"1,519.55",,"1,231.08","2,093.79","1,215.73",6726.82,"2,056.67","4,540.60",129.55
Minnesota,Minneapolis,"418,971",,10.02,122.68,434.16,534.40,,897.91,"3,173.49",569.97,5768.18,"1,101.27","4,641.37",25.54
Minnesota,St. Paul,"306,696",,7.17,70.75,227.26,345.62,,741.45,"2,144.47",679.50,4262.86,650.81,"3,565.42",46.63
Missouri,Kansas City,"484,948",,30.93,91.76,383.13,"1,218.48",,960.52,"2,670.39",912.88,6309.55,"1,724.31","4,543.79",41.45
Missouri,St. Louis,"310,284",,66.07,93.14,626.52,"1,296.55",,"1,011.33","4,155.55",874.36,8188.31,"2,082.29","6,041.24",64.78
Nebraska,Omaha,"449,388",,6.9,91.24,139.08,410.11,,464.63,"2,636.70",778.84,4527.49,647.32,"3,880.17",
Nevada,Henderson,"299,285",,3.34,28.74,80.19,72.84,,363.87,"1,254.99",214.18,2025.17,185.11,"1,833.04",7.02
Nevada,Las Vegas,"627,244",,12.6,79.64,211.15,315.50,,805.17,"1,635.16",503.06,3567.87,618.90,"2,943.38",5.59
Nevada,North Las Vegas,"242,537",,9.07,47.83,232.95,724.84,,804.00,"1,037.37",544.66,3405.26,"1,014.69","2,386.03",4.54
Nevada,Reno,"248,531",,7.64,57.14,153.7,455.07,,541.98,"1,967.56",576.19,3766.53,673.56,"3,085.73",7.24
New Jersey,Jersey City,"267,906",,7.84,45.91,199.32,256.43,,417.68,"1,206.02",183.27,2330.67,509.51,"1,806.98",14.18
New Jersey,Newark,"283,673",,27.14,40.89,377.19,451.22,,423.73,"1,128.06",843.22,3316.84,896.45,"2,395.01",25.38
New Mexico,Albuquerque,"561,375",,12.47,84.26,521.93,750.48,,"1,246.23","4,750.84","1,368.78",8734.98,"1,369.14","7,365.84",
New York,Buffalo,"256,169",,15.61,55.43,334.54,613.66,,919.71,"2,591.26",325.18,4930.34,"1,019.25","3,836.14",74.95
New York,New York,"8,804,190",,3.39,27.56,162.42,345.52,,128.87,"1,253.15",66.56,1987.49,538.90,"1,448.59",
North Carolina8,Charlotte-Mecklenburg,"914,609",,9.4,,220.53,433.52,,701.50,"2,827.00",286.68,3836.39,,"3,815.18",21.21
North Carolina8,Durham,"269,088",,8.55,,316.63,467.13,,867.37,"2,675.70",283.18,3837.78,,"3,826.26",11.52
North Carolina8,Greensboro,"290,051",,15.86,,228.93,480.61,,710.91,"2,559.55",291.67,3601.78,,"3,562.13",39.65
Ohio,Cincinnati,"309,317",,23.4,97.62,399.84,426.26,,"1,152.73","3,400.69",496.46,5997.0,947.12,"5,049.88",
Ohio,Cleveland,"372,624",,27.77,128.97,699.88,700.14,,"1,518.87","2,516.15",881.01,6538.45,"1,556.76","4,916.04",65.65
Ohio,Columbus,"905,748",,16.28,105.37,225.06,166.70,,815.29,"2,650.87",478.79,4501.8,513.41,"3,944.94",43.45
Ohio,"Toledo4,5,7","270,871",,12.63,,281.47,661.82,,"1,119.75","2,615.15",268.84,4003.74,,"4,003.74",
Oklahoma,Oklahoma City,"648,260",,12.49,73.12,172.77,528.95,,941.75,"2,378.83",431.93,4552.5,787.34,"3,752.51",12.65
Oklahoma,Tulsa,"404,868",,17.29,104.48,238.1,680.96,,"1,376.75","3,224.26",854.60,6532.01,"1,040.83","5,455.61",35.57
Oregon,Portland,"649,408",,3.7,67.45,160.92,283.64,,729.13,"3,824.56","1,123.33",6239.99,515.70,"5,677.02",47.27
Pennsylvania,Philadelphia,"1,603,797",,20.06,75.02,382.46,470.04,,418.25,"2,297.23",348.00,4037.27,947.58,"3,063.48",26.21
Pennsylvania,Pittsburgh,"305,932",,17.98,29.42,262.15,346.81,,526.26,"2,365.89",222.27,3815.23,656.36,"3,114.42",44.45
Tennessee,Memphis,"652,765",,27.73,90.38,529.59,"1,355.62",,"1,460.25","4,224.49",613.08,8357.07,"2,003.32","6,297.83",55.92
Tennessee,Nashville,"674,942",,16.3,72.9,303.14,745.84,,631.31,"2,806.61",380.03,4966.5,"1,138.17","3,817.96",10.37
Texas,Arlington4,"397,377",,4.78,63.92,144.95,303.24,,453.22,"2,402.25",342.24,3721.91,516.89,"3,197.72",7.3
Texas,Austin,"971,949",,2.57,85.81,101.55,224.91,,450.64,"2,525.03",213.90,3612.23,414.84,"3,189.57",7.82
Texas,Corpus Christi,"329,256",,6.38,70.46,142.75,482.91,,677.89,"2,665.40",222.02,4285.11,702.49,"3,565.31",17.31
Texas,Dallas,"1,304,379",,12.48,62.08,327.0,373.09,,737.66,"1,856.26",591.16,3985.95,774.64,"3,185.09",26.22
Texas,El Paso,"688,667",,2.76,53.87,58.08,264.13,,188.33,"1,514.37",116.17,2203.25,378.85,"1,818.88",5.52
Texas,Fort Worth,"873,069",,8.02,65.17,147.3,339.72,,585.98,"2,319.40",309.94,3792.83,560.21,"3,215.32",17.3
Texas,Garland,"236,243",,3.39,54.6,135.03,123.60,,513.88,"2,175.73",342.87,3355.44,316.62,"3,032.47",6.35
Texas,Houston,"2,304,580",,11.5,58.42,417.96,607.34,,731.66,"2,900.82",495.93,5252.08,"1,095.23","4,128.41",28.44
Texas,Irving,"242,062",,3.3,22.31,94.19,107.00,,400.31,"1,845.39",293.73,2775.73,226.80,"2,539.43",9.5
Texas,Laredo,"260,669",,3.84,43.73,59.08,215.22,,335.29,"2,083.10",65.22,2832.71,321.86,"2,483.61",27.24
Texas,Plano,"290,413",,5.17,27.89,40.98,75.75,,250.68,"1,366.33",116.73,1892.14,149.79,"1,733.74",8.61
Texas,San Antonio,"1,434,625",,8.15,83.51,151.11,464.72,,770.82,"3,622.65",451.37,5565.95,707.50,"4,844.84",13.61
Virginia,Chesapeake,"240,119",,4.58,36.23,82.46,295.69,,276.11,"1,891.98",104.12,2699.5,418.96,"2,272.21",8.33
Virginia,Norfolk,"245,190",,14.68,55.06,151.31,334.84,,471.47,"2,984.62",292.83,4308.09,555.90,"3,748.93",3.26
Virginia,Virginia Beach,"454,353",,3.08,22.45,59.87,52.16,,165.95,"1,667.65",101.02,2083.4,137.56,"1,934.62",11.22
Washington,Seattle,"721,365",,3.74,36.87,210.02,382.05,,"1,081.98","3,673.45",503.21,5911.99,632.69,"5,258.64",20.66
Washington,Spokane,"217,066",,2.76,109.64,105.5,408.63,,"1,023.19","5,408.03",800.22,7881.01,626.54,"7,231.44",23.03
Wisconsin,Madison,"255,850",,4.3,37.13,82.86,250.15,,362.32,"2,130.94",168.85,3040.46,374.44,"2,662.11",3.91
Wisconsin,Milwaukee,"595,168",,19.83,72.92,490.45,"1,014.17",,927.13,"1,940.29",924.61,5441.99,"1,597.36","3,792.04",52.59
